ano,pais,quantidade_exportacao,valor_exportacao,valor_exportacao_por_litro,producao_brasileira,percentual_exportacao
2007,Afeganistao,0,0,0.0,318464392,0.0
2007,Africa do Sul,0,0,0.0,318464392,0.0
2007,Alemanha,119512,238052,1.99,318464392,0.03752758644363606
2007,Angola,25931,49753,1.92,318464392,0.008142511581012172
2007,Anguilla,0,0,0.0,318464392,0.0
2007,Antigua e Barbuda,0,0,0.0,318464392,0.0
2007,Antilhas Holandesas,17025,17949,1.05,318464392,0.005345966590826895
2007,Argentina,0,0,0.0,318464392,0.0
2007,Aruba,0,0,0.0,318464392,0.0
2007,Australia,60,281,4.68,318464392,1.884041089278201e-05
2007,Austria,0,0,0.0,318464392,0.0
2007,Bahamas,0,0,0.0,318464392,0.0
2007,Bangladesh,0,0,0.0,318464392,0.0
2007,Barbados,0,0,0.0,318464392,0.0
2007,Barein,0,0,0.0,318464392,0.0
2007,Belgica,1077,3751,3.48,318464392,0.00033818537552543704
2007,Belize,0,0,0.0,318464392,0.0
2007,Benin,0,0,0.0,318464392,0.0
2007,Bolivia,4985,3550,0.71,318464392,0.0015653241383419719
2007,Bosnia-Herzegovina,0,0,0.0,318464392,0.0
2007,Brasil,0,0,0.0,318464392,0.0
2007,Bulgaria,0,0,0.0,318464392,0.0
2007,Cabo Verde,0,0,0.0,318464392,0.0
2007,Camaroes,0,0,0.0,318464392,0.0
2007,Canada,4172,18838,4.52,318464392,0.0013100365707447758
2007,Catar,0,0,0.0,318464392,0.0
2007,Ilhas Cayman,0,0,0.0,318464392,0.0
2007,Chile,60930,67353,1.11,318464392,0.01913243726162013
2007,China,7638,30390,3.98,318464392,0.00239838430665115
2007,Chipre,0,0,0.0,318464392,0.0
2007,Cingapura,7270,17864,2.46,318464392,0.002282829786508753
2007,Colombia,0,0,0.0,318464392,0.0
2007,Comores,0,0,0.0,318464392,0.0
2007,Congo,0,0,0.0,318464392,0.0
2007,Coreia do Sul,1012,4650,4.59,318464392,0.00031777493039158994
2007,Costa do Marfim,0,0,0.0,318464392,0.0
2007,Costa Rica,0,0,0.0,318464392,0.0
2007,Croacia,0,0,0.0,318464392,0.0
2007,Cuba,2669,5118,1.92,318464392,0.0008380842778805864
2007,Curacao,0,0,0.0,318464392,0.0
2007,Dinamarca,3480,11176,3.21,318464392,0.0010927438317813567
2007,Dominica,0,0,0.0,318464392,0.0
2007,El Salvador,0,0,0.0,318464392,0.0
2007,Emirados Arabes Unidos,0,0,0.0,318464392,0.0
2007,Equador,2700,3585,1.33,318464392,0.0008478184901751906
2007,Eslovaquia,0,0,0.0,318464392,0.0
2007,Espanha,0,0,0.0,318464392,0.0
2007,Estados Unidos,479269,810038,1.69,318464392,0.15049374813621236
2007,Estonia,77697,54056,0.7,318464392,0.024397390085608064
2007,Filipinas,0,0,0.0,318464392,0.0
2007,Finlandia,0,0,0.0,318464392,0.0
2007,Franca,6349,11231,1.77,318464392,0.00199362947930455
2007,Gana,0,0,0.0,318464392,0.0
2007,Gibraltar,0,0,0.0,318464392,0.0
2007,Grecia,0,0,0.0,318464392,0.0
2007,Guatemala,0,0,0.0,318464392,0.0
2007,Guiana,0,0,0.0,318464392,0.0
2007,Guiana Francesa,0,0,0.0,318464392,0.0
2007,Guine-Bissau,0,0,0.0,318464392,0.0
2007,Guine Equatorial,0,0,0.0,318464392,0.0
2007,Haiti,0,0,0.0,318464392,0.0
2007,Honduras,0,0,0.0,318464392,0.0
2007,Hong Kong,0,0,0.0,318464392,0.0
2007,Hungria,0,0,0.0,318464392,0.0
2007,Ilha de Man,0,0,0.0,318464392,0.0
2007,Ilhas Virgens,0,0,0.0,318464392,0.0
2007,India,0,0,0.0,318464392,0.0
2007,Indonesia,0,0,0.0,318464392,0.0
2007,Ira,0,0,0.0,318464392,0.0
2007,Iraque,0,0,0.0,318464392,0.0
2007,Irlanda,0,0,0.0,318464392,0.0
2007,Italia,7209,19860,2.75,318464392,0.0022636753687677582
2007,Jamaica,0,0,0.0,318464392,0.0
2007,Japao,357943,316867,0.89,318464392,0.11239655326991786
2007,Jordania,0,0,0.0,318464392,0.0
2007,Letonia,0,0,0.0,318464392,0.0
2007,Libano,0,0,0.0,318464392,0.0
2007,Liberia,0,0,0.0,318464392,0.0
2007,Luxemburgo,785,2033,2.59,318464392,0.0002464953758472313
2007,Malasia,0,0,0.0,318464392,0.0
2007,Malta,0,0,0.0,318464392,0.0
2007,Ilhas Marshall,0,0,0.0,318464392,0.0
2007,Mauritania,0,0,0.0,318464392,0.0
2007,Mexico,2453,15425,6.29,318464392,0.0007702587986665711
2007,Montenegro,0,0,0.0,318464392,0.0
2007,Namibia,0,0,0.0,318464392,0.0
2007,Nicaragua,0,0,0.0,318464392,0.0
2007,Nigeria,0,0,0.0,318464392,0.0
2007,Noruega,10044,10044,1.0,318464392,0.0031538847834517085
2007,Nova Caledonia,0,0,0.0,318464392,0.0
2007,Nova Zelandia,0,0,0.0,318464392,0.0
2007,Holanda,181046,364751,2.01,318464392,0.05684968384157686
2007,Panama,810,1030,1.27,318464392,0.0002543455470525571
2007,Paraguai,1285459,801519,0.62,318464392,0.40364292909707783
2007,Peru,0,0,0.0,318464392,0.0
2007,Polonia,0,0,0.0,318464392,0.0
2007,Porto Rico,0,0,0.0,318464392,0.0
2007,Portugal,109074,165282,1.52,318464392,0.03424998296198842
2007,Quenia,10600,13860,1.31,318464392,0.0033284725910581554
2007,Reino Unido,84613,144244,1.7,318464392,0.026569061447849405
2007,Republica Dominicana,601,2438,4.06,318464392,0.00018871811577603315
2007,Russia,266400,173160,0.65,318464392,0.08365142436395212
2007,Sao Tome e Principe,0,0,0.0,318464392,0.0
2007,Sao Vicente e Granadinas,0,0,0.0,318464392,0.0
2007,Senegal,0,0,0.0,318464392,0.0
2007,Serra Leoa,0,0,0.0,318464392,0.0
2007,Singapura,0,0,0.0,318464392,0.0
2007,Suazilandia,0,0,0.0,318464392,0.0
2007,Suecia,919,2448,2.66,318464392,0.0002885722935077778
2007,Suica,26090,70716,2.71,318464392,0.008192438669878043
2007,Suriname,2700,4603,1.7,318464392,0.0008478184901751906
2007,Tailandia,839,2020,2.41,318464392,0.0002634517456507351
2007,Taiwan,6377,11214,1.76,318464392,0.0020024216710545144
2007,Tanzania,0,0,0.0,318464392,0.0
2007,Republica Tcheca,85303,189620,2.22,318464392,0.026785726173116396
2007,Togo,11,11,1.0,318464392,3.4540753303433687e-06
2007,Trindade e Tobago,0,0,0.0,318464392,0.0
2007,Tunisia,0,0,0.0,318464392,0.0
2007,Turquia,0,0,0.0,318464392,0.0
2007,Tuvalu,0,0,0.0,318464392,0.0
2007,Uruguai,0,0,0.0,318464392,0.0
2007,Vanuatu,0,0,0.0,318464392,0.0
2007,Venezuela,20700,27370,1.32,318464392,0.006499941758009793
2007,Vietna,0,0,0.0,318464392,0.0
2008,Afeganistao,0,0,0.0,334841312,0.0
2008,Africa do Sul,0,0,0.0,334841312,0.0
2008,Alemanha,265742,429970,1.62,334841312,0.07936356431431019
2008,Angola,25721,71083,2.76,334841312,0.0076815491632048075
2008,Anguilla,0,0,0.0,334841312,0.0
2008,Antigua e Barbuda,0,0,0.0,334841312,0.0
2008,Antilhas Holandesas,17938,22908,1.28,334841312,0.0053571645305224465
2008,Argentina,0,0,0.0,334841312,0.0
2008,Aruba,0,0,0.0,334841312,0.0
2008,Australia,218726,99280,0.45,334841312,0.0653222861580473
2008,Austria,0,0,0.0,334841312,0.0
2008,Bahamas,0,0,0.0,334841312,0.0
2008,Bangladesh,0,0,0.0,334841312,0.0
2008,Barbados,0,0,0.0,334841312,0.0
2008,Barein,0,0,0.0,334841312,0.0
2008,Belgica,3523,12969,3.68,334841312,0.0010521401851394012
2008,Belize,0,0,0.0,334841312,0.0
2008,Benin,10350,17423,1.68,334841312,0.003091016439452967
2008,Bolivia,3979,3990,1.0,334841312,0.0011883240978341405
2008,Bosnia-Herzegovina,0,0,0.0,334841312,0.0
2008,Brasil,0,0,0.0,334841312,0.0
2008,Bulgaria,0,0,0.0,334841312,0.0
2008,Cabo Verde,0,0,0.0,334841312,0.0
2008,Camaroes,0,0,0.0,334841312,0.0
2008,Canada,20949,80476,3.84,334841312,0.0062563964628116146
2008,Catar,0,0,0.0,334841312,0.0
2008,Ilhas Cayman,0,0,0.0,334841312,0.0
2008,Chile,0,0,0.0,334841312,0.0
2008,China,8689,25926,2.98,334841312,0.0025949605644837517
2008,Chipre,0,0,0.0,334841312,0.0
2008,Cingapura,1233,4699,3.81,334841312,0.000368234132352223
2008,Colombia,0,0,0.0,334841312,0.0
2008,Comores,0,0,0.0,334841312,0.0
2008,Congo,0,0,0.0,334841312,0.0
2008,Coreia do Sul,3520,14366,4.08,334841312,0.0010512442383453567
2008,Costa do Marfim,0,0,0.0,334841312,0.0
2008,Costa Rica,55,200,3.64,334841312,1.64256912241462e-05
2008,Croacia,0,0,0.0,334841312,0.0
2008,Cuba,0,0,0.0,334841312,0.0
2008,Curacao,0,0,0.0,334841312,0.0
2008,Dinamarca,518,15905,30.7,334841312,0.0001547001464383224
2008,Dominica,0,0,0.0,334841312,0.0
2008,El Salvador,0,0,0.0,334841312,0.0
2008,Emirados Arabes Unidos,2437,12298,5.05,334841312,0.0007278074456953508
2008,Equador,0,0,0.0,334841312,0.0
2008,Eslovaquia,585,16063,27.46,334841312,0.00017470962483864596
2008,Espanha,2942,6834,2.32,334841312,0.0008786251560261476
2008,Estados Unidos,443895,804607,1.81,334841312,0.1325687673807705
2008,Estonia,4114,9730,2.37,334841312,0.0012286417035661358
2008,Filipinas,0,0,0.0,334841312,0.0
2008,Finlandia,0,0,0.0,334841312,0.0
2008,Franca,11078,27500,2.48,334841312,0.0033084328614743927
2008,Gana,18168,25642,1.41,334841312,0.005425853784732512
2008,Gibraltar,0,0,0.0,334841312,0.0
2008,Grecia,0,0,0.0,334841312,0.0
2008,Guatemala,0,0,0.0,334841312,0.0
2008,Guiana,0,0,0.0,334841312,0.0
2008,Guiana Francesa,0,0,0.0,334841312,0.0
2008,Guine-Bissau,0,0,0.0,334841312,0.0
2008,Guine Equatorial,548,1417,2.59,334841312,0.0001636596143787658
2008,Haiti,20,20,1.0,334841312,5.972978626962255e-06
2008,Honduras,162,580,3.58,334841312,4.838112687839427e-05
2008,Hong Kong,2430,13460,5.54,334841312,0.000725716903175914
2008,Hungria,0,0,0.0,334841312,0.0
2008,Ilha de Man,0,0,0.0,334841312,0.0
2008,Ilhas Virgens,0,0,0.0,334841312,0.0
2008,India,0,0,0.0,334841312,0.0
2008,Indonesia,0,0,0.0,334841312,0.0
2008,Ira,0,0,0.0,334841312,0.0
2008,Iraque,0,0,0.0,334841312,0.0
2008,Irlanda,0,0,0.0,334841312,0.0
2008,Italia,0,0,0.0,334841312,0.0
2008,Jamaica,0,0,0.0,334841312,0.0
2008,Japao,232293,178333,0.77,334841312,0.06937405620964715
2008,Jordania,0,0,0.0,334841312,0.0
2008,Letonia,0,0,0.0,334841312,0.0
2008,Libano,0,0,0.0,334841312,0.0
2008,Liberia,0,0,0.0,334841312,0.0
2008,Luxemburgo,13606,42341,3.11,334841312,0.004063417359922422
2008,Malasia,0,0,0.0,334841312,0.0
2008,Malta,0,0,0.0,334841312,0.0
2008,Ilhas Marshall,0,0,0.0,334841312,0.0
2008,Mauritania,0,0,0.0,334841312,0.0
2008,Mexico,0,0,0.0,334841312,0.0
2008,Montenegro,0,0,0.0,334841312,0.0
2008,Namibia,340,722,2.12,334841312,0.00010154063665835834
2008,Nicaragua,0,0,0.0,334841312,0.0
2008,Nigeria,7560,10920,1.44,334841312,0.0022577859209917325
2008,Noruega,0,0,0.0,334841312,0.0
2008,Nova Caledonia,0,0,0.0,334841312,0.0
2008,Nova Zelandia,0,0,0.0,334841312,0.0
2008,Holanda,340412,783635,2.3,334841312,0.10166368001807377
2008,Panama,1161,1882,1.62,334841312,0.00034673140929515893
2008,Paraguai,2191901,1374088,0.63,334841312,0.6546088912708596
2008,Peru,0,0,0.0,334841312,0.0
2008,Polonia,20290,58353,2.88,334841312,0.006059586817053208
2008,Porto Rico,0,0,0.0,334841312,0.0
2008,Portugal,49090,48942,1.0,334841312,0.014660676039878856
2008,Quenia,0,0,0.0,334841312,0.0
2008,Reino Unido,100097,155076,1.55,334841312,0.02989386208115204
2008,Republica Dominicana,0,0,0.0,334841312,0.0
2008,Russia,6207658,2352768,0.38,334841312,1.8539104278745628
2008,Sao Tome e Principe,0,0,0.0,334841312,0.0
2008,Sao Vicente e Granadinas,0,0,0.0,334841312,0.0
2008,Senegal,0,0,0.0,334841312,0.0
2008,Serra Leoa,0,0,0.0,334841312,0.0
2008,Singapura,0,0,0.0,334841312,0.0
2008,Suazilandia,0,0,0.0,334841312,0.0
2008,Suecia,26984,84564,3.13,334841312,0.008058742763497474
2008,Suica,54384,216317,3.98,334841312,0.016241723482435765
2008,Suriname,900,1625,1.81,334841312,0.0002687840382133015
2008,Tailandia,0,0,0.0,334841312,0.0
2008,Taiwan,10030,18679,1.86,334841312,0.002995448781421571
2008,Tanzania,0,0,0.0,334841312,0.0
2008,Republica Tcheca,17135,64709,3.78,334841312,0.005117349438649912
2008,Togo,5160,7800,1.51,334841312,0.0015410284857562617
2008,Trindade e Tobago,0,0,0.0,334841312,0.0
2008,Tunisia,0,0,0.0,334841312,0.0
2008,Turquia,0,0,0.0,334841312,0.0
2008,Tuvalu,0,0,0.0,334841312,0.0
2008,Uruguai,0,0,0.0,334841312,0.0
2008,Vanuatu,0,0,0.0,334841312,0.0
2008,Venezuela,0,0,0.0,334841312,0.0
2008,Vietna,0,0,0.0,334841312,0.0
2009,Afeganistao,0,0,0.0,245318774,0.0
2009,Africa do Sul,0,0,0.0,245318774,0.0
2009,Alemanha,225086,393482,1.75,245318774,0.09175245592903543
2009,Angola,54786,84235,1.54,245318774,0.022332575329110357
2009,Anguilla,0,0,0.0,245318774,0.0
2009,Antigua e Barbuda,0,0,0.0,245318774,0.0
2009,Antilhas Holandesas,8235,10651,1.29,245318774,0.003356856821728613
2009,Argentina,162,4523,27.92,245318774,6.603652764056288e-05
2009,Aruba,0,0,0.0,245318774,0.0
2009,Australia,1014,9195,9.07,245318774,0.0004133397470835233
2009,Austria,0,0,0.0,245318774,0.0
2009,Bahamas,0,0,0.0,245318774,0.0
2009,Bangladesh,0,0,0.0,245318774,0.0
2009,Barbados,0,0,0.0,245318774,0.0
2009,Barein,0,0,0.0,245318774,0.0
2009,Belgica,125962,58764,0.47,245318774,0.051346253670744336
2009,Belize,0,0,0.0,245318774,0.0
2009,Benin,0,0,0.0,245318774,0.0
2009,Bolivia,40463,20729,0.51,245318774,0.016494049493333926
2009,Bosnia-Herzegovina,0,0,0.0,245318774,0.0
2009,Brasil,0,0,0.0,245318774,0.0
2009,Bulgaria,0,0,0.0,245318774,0.0
2009,Cabo Verde,0,0,0.0,245318774,0.0
2009,Camaroes,0,0,0.0,245318774,0.0
2009,Canada,15664,73445,4.69,245318774,0.006385161536801093
2009,Catar,0,0,0.0,245318774,0.0
2009,Ilhas Cayman,0,0,0.0,245318774,0.0
2009,Chile,1475,4297,2.91,245318774,0.0006012585078384584
2009,China,1553416,482400,0.31,245318774,0.6332234482795841
2009,Chipre,0,0,0.0,245318774,0.0
2009,Cingapura,2419,6110,2.53,245318774,0.0009860639528550717
2009,Colombia,0,0,0.0,245318774,0.0
2009,Comores,0,0,0.0,245318774,0.0
2009,Congo,0,0,0.0,245318774,0.0
2009,Coreia do Sul,0,0,0.0,245318774,0.0
2009,Costa do Marfim,0,0,0.0,245318774,0.0
2009,Costa Rica,0,0,0.0,245318774,0.0
2009,Croacia,0,0,0.0,245318774,0.0
2009,Cuba,0,0,0.0,245318774,0.0
2009,Curacao,0,0,0.0,245318774,0.0
2009,Dinamarca,1980,21780,11.0,245318774,0.0008071131156068797
2009,Dominica,0,0,0.0,245318774,0.0
2009,El Salvador,55,100,1.82,245318774,2.241980876685777e-05
2009,Emirados Arabes Unidos,1398,4032,2.88,245318774,0.0005698707755648576
2009,Equador,0,0,0.0,245318774,0.0
2009,Eslovaquia,0,0,0.0,245318774,0.0
2009,Espanha,2181,4050,1.86,245318774,0.000889047325827578
2009,Estados Unidos,372319,660066,1.77,245318774,0.15176946873214034
2009,Estonia,5438,10802,1.99,245318774,0.002216707637712228
2009,Filipinas,0,0,0.0,245318774,0.0
2009,Finlandia,0,0,0.0,245318774,0.0
2009,Franca,0,0,0.0,245318774,0.0
2009,Gana,0,0,0.0,245318774,0.0
2009,Gibraltar,0,0,0.0,245318774,0.0
2009,Grecia,0,0,0.0,245318774,0.0
2009,Guatemala,20,20,1.0,245318774,8.152657733402825e-06
2009,Guiana,0,0,0.0,245318774,0.0
2009,Guiana Francesa,0,0,0.0,245318774,0.0
2009,Guine-Bissau,0,0,0.0,245318774,0.0
2009,Guine Equatorial,169,272,1.61,245318774,6.888995784725388e-05
2009,Haiti,4500,5863,1.3,245318774,0.0018343479900156357
2009,Honduras,14,30,2.14,245318774,5.706860413381978e-06
2009,Hong Kong,50319,27188,0.54,245318774,0.020511679224354838
2009,Hungria,0,0,0.0,245318774,0.0
2009,Ilha de Man,0,0,0.0,245318774,0.0
2009,Ilhas Virgens,0,0,0.0,245318774,0.0
2009,India,0,0,0.0,245318774,0.0
2009,Indonesia,0,0,0.0,245318774,0.0
2009,Ira,0,0,0.0,245318774,0.0
2009,Iraque,0,0,0.0,245318774,0.0
2009,Irlanda,0,0,0.0,245318774,0.0
2009,Italia,1817,5251,2.89,245318774,0.0007406689550796467
2009,Jamaica,0,0,0.0,245318774,0.0
2009,Japao,217974,283436,1.3,245318774,0.08885337083903738
2009,Jordania,0,0,0.0,245318774,0.0
2009,Letonia,0,0,0.0,245318774,0.0
2009,Libano,0,0,0.0,245318774,0.0
2009,Liberia,0,0,0.0,245318774,0.0
2009,Luxemburgo,7845,42124,5.37,245318774,0.003197879995927258
2009,Malasia,0,0,0.0,245318774,0.0
2009,Malta,0,0,0.0,245318774,0.0
2009,Ilhas Marshall,0,0,0.0,245318774,0.0
2009,Mauritania,0,0,0.0,245318774,0.0
2009,Mexico,0,0,0.0,245318774,0.0
2009,Montenegro,0,0,0.0,245318774,0.0
2009,Namibia,0,0,0.0,245318774,0.0
2009,Nicaragua,24,24,1.0,245318774,9.78318928008339e-06
2009,Nigeria,41,115,2.8,245318774,1.6712948353475792e-05
2009,Noruega,0,0,0.0,245318774,0.0
2009,Nova Caledonia,0,0,0.0,245318774,0.0
2009,Nova Zelandia,0,0,0.0,245318774,0.0
2009,Holanda,171654,136991,0.8,245318774,0.06997181552847644
2009,Panama,24,30,1.25,245318774,9.78318928008339e-06
2009,Paraguai,486927,392087,0.81,245318774,0.19848745860763187
2009,Peru,0,0,0.0,245318774,0.0
2009,Polonia,6982,35797,5.13,245318774,0.002846092814730926
2009,Porto Rico,0,0,0.0,245318774,0.0
2009,Portugal,141000,168923,1.2,245318774,0.05747623702048992
2009,Quenia,0,0,0.0,245318774,0.0
2009,Reino Unido,30092,68788,2.29,245318774,0.012266488825677893
2009,Republica Dominicana,0,0,0.0,245318774,0.0
2009,Russia,21912914,5732280,0.26,245318774,8.932424389174551
2009,Sao Tome e Principe,0,0,0.0,245318774,0.0
2009,Sao Vicente e Granadinas,0,0,0.0,245318774,0.0
2009,Senegal,0,0,0.0,245318774,0.0
2009,Serra Leoa,0,0,0.0,245318774,0.0
2009,Singapura,0,0,0.0,245318774,0.0
2009,Suazilandia,0,0,0.0,245318774,0.0
2009,Suecia,28334,52826,1.86,245318774,0.011549870210911783
2009,Suica,27653,81319,2.94,245318774,0.011272272215089417
2009,Suriname,3830,12918,3.37,245318774,0.001561233955946641
2009,Tailandia,0,0,0.0,245318774,0.0
2009,Taiwan,0,0,0.0,245318774,0.0
2009,Tanzania,0,0,0.0,245318774,0.0
2009,Republica Tcheca,9269,43902,4.74,245318774,0.0037783492265455396
2009,Togo,0,0,0.0,245318774,0.0
2009,Trindade e Tobago,0,0,0.0,245318774,0.0
2009,Tunisia,0,0,0.0,245318774,0.0
2009,Turquia,0,0,0.0,245318774,0.0
2009,Tuvalu,0,0,0.0,245318774,0.0
2009,Uruguai,0,0,0.0,245318774,0.0
2009,Vanuatu,0,0,0.0,245318774,0.0
2009,Venezuela,0,0,0.0,245318774,0.0
2009,Vietna,743,2143,2.88,245318774,0.00030287123479591494
2010,Afeganistao,0,0,0.0,220073693,0.0
2010,Africa do Sul,0,0,0.0,220073693,0.0
2010,Alemanha,27715,138666,5.0,220073693,0.012593508847965758
2010,Angola,33557,189891,5.66,220073693,0.015248074198491321
2010,Anguilla,0,0,0.0,220073693,0.0
2010,Antigua e Barbuda,0,0,0.0,220073693,0.0
2010,Antilhas Holandesas,9810,12808,1.31,220073693,0.0044575977556754135
2010,Argentina,0,0,0.0,220073693,0.0
2010,Aruba,0,0,0.0,220073693,0.0
2010,Australia,1823,17960,9.85,220073693,0.000828358889765166
2010,Austria,0,0,0.0,220073693,0.0
2010,Bahamas,3175,12759,4.02,220073693,0.0014426985600682406
2010,Bangladesh,0,0,0.0,220073693,0.0
2010,Barbados,0,0,0.0,220073693,0.0
2010,Barein,0,0,0.0,220073693,0.0
2010,Belgica,42532,185411,4.36,220073693,0.01932625359269997
2010,Belize,0,0,0.0,220073693,0.0
2010,Benin,0,0,0.0,220073693,0.0
2010,Bolivia,54,282,5.22,220073693,2.4537235352341727e-05
2010,Bosnia-Herzegovina,0,0,0.0,220073693,0.0
2010,Brasil,0,0,0.0,220073693,0.0
2010,Bulgaria,0,0,0.0,220073693,0.0
2010,Cabo Verde,11991,49366,4.12,220073693,0.00544862942796166
2010,Camaroes,0,0,0.0,220073693,0.0
2010,Canada,0,0,0.0,220073693,0.0
2010,Catar,0,0,0.0,220073693,0.0
2010,Ilhas Cayman,0,0,0.0,220073693,0.0
2010,Chile,0,0,0.0,220073693,0.0
2010,China,795,2358,2.97,220073693,0.0003612426315761421
2010,Chipre,0,0,0.0,220073693,0.0
2010,Cingapura,1533,5504,3.59,220073693,0.0006965848480581457
2010,Colombia,0,0,0.0,220073693,0.0
2010,Comores,0,0,0.0,220073693,0.0
2010,Congo,0,0,0.0,220073693,0.0
2010,Coreia do Sul,0,0,0.0,220073693,0.0
2010,Costa do Marfim,0,0,0.0,220073693,0.0
2010,Costa Rica,0,0,0.0,220073693,0.0
2010,Croacia,0,0,0.0,220073693,0.0
2010,Cuba,0,0,0.0,220073693,0.0
2010,Curacao,0,0,0.0,220073693,0.0
2010,Dinamarca,7034,69161,9.83,220073693,0.003196202101266143
2010,Dominica,0,0,0.0,220073693,0.0
2010,El Salvador,0,0,0.0,220073693,0.0
2010,Emirados Arabes Unidos,1035,3206,3.1,220073693,0.0004702970109198831
2010,Equador,0,0,0.0,220073693,0.0
2010,Eslovaquia,0,0,0.0,220073693,0.0
2010,Espanha,0,0,0.0,220073693,0.0
2010,Estados Unidos,228968,478630,2.09,220073693,0.10404151303990705
2010,Estonia,15848,40778,2.57,220073693,0.0072012241826650315
2010,Filipinas,0,0,0.0,220073693,0.0
2010,Finlandia,0,0,0.0,220073693,0.0
2010,Franca,3614,18904,5.23,220073693,0.0016421771956178332
2010,Gana,0,0,0.0,220073693,0.0
2010,Gibraltar,0,0,0.0,220073693,0.0
2010,Grecia,0,0,0.0,220073693,0.0
2010,Guatemala,0,0,0.0,220073693,0.0
2010,Guiana,783,3654,4.67,220073693,0.000355789912608955
2010,Guiana Francesa,0,0,0.0,220073693,0.0
2010,Guine-Bissau,0,0,0.0,220073693,0.0
2010,Guine Equatorial,410,1015,2.48,220073693,0.0001863012313788909
2010,Haiti,2700,3750,1.39,220073693,0.0012268617676170863
2010,Honduras,0,0,0.0,220073693,0.0
2010,Hong Kong,0,0,0.0,220073693,0.0
2010,Hungria,540,4103,7.6,220073693,0.00024537235352341724
2010,Ilha de Man,0,0,0.0,220073693,0.0
2010,Ilhas Virgens,0,0,0.0,220073693,0.0
2010,India,0,0,0.0,220073693,0.0
2010,Indonesia,0,0,0.0,220073693,0.0
2010,Ira,0,0,0.0,220073693,0.0
2010,Iraque,0,0,0.0,220073693,0.0
2010,Irlanda,3969,42795,10.78,220073693,0.001803486798397117
2010,Italia,1458,4828,3.31,220073693,0.0006625053545132267
2010,Jamaica,0,0,0.0,220073693,0.0
2010,Japao,112178,74628,0.67,220073693,0.05097292569175908
2010,Jordania,0,0,0.0,220073693,0.0
2010,Letonia,0,0,0.0,220073693,0.0
2010,Libano,0,0,0.0,220073693,0.0
2010,Liberia,0,0,0.0,220073693,0.0
2010,Luxemburgo,7344,32549,4.43,220073693,0.003337064007918475
2010,Malasia,0,0,0.0,220073693,0.0
2010,Malta,0,0,0.0,220073693,0.0
2010,Ilhas Marshall,0,0,0.0,220073693,0.0
2010,Mauritania,0,0,0.0,220073693,0.0
2010,Mexico,0,0,0.0,220073693,0.0
2010,Montenegro,0,0,0.0,220073693,0.0
2010,Namibia,0,0,0.0,220073693,0.0
2010,Nicaragua,0,0,0.0,220073693,0.0
2010,Nigeria,0,0,0.0,220073693,0.0
2010,Noruega,0,0,0.0,220073693,0.0
2010,Nova Caledonia,0,0,0.0,220073693,0.0
2010,Nova Zelandia,0,0,0.0,220073693,0.0
2010,Holanda,87368,302182,3.46,220073693,0.039699429227099854
2010,Panama,0,0,0.0,220073693,0.0
2010,Paraguai,510989,449197,0.88,220073693,0.2321899510269953
2010,Peru,0,0,0.0,220073693,0.0
2010,Polonia,20464,95198,4.65,220073693,0.009298703412042983
2010,Porto Rico,0,0,0.0,220073693,0.0
2010,Portugal,4577,18970,4.14,220073693,0.002079757892734594
2010,Quenia,0,0,0.0,220073693,0.0
2010,Reino Unido,123624,295690,2.39,220073693,0.056173910799960994
2010,Republica Dominicana,0,0,0.0,220073693,0.0
2010,Russia,0,0,0.0,220073693,0.0
2010,Sao Tome e Principe,0,0,0.0,220073693,0.0
2010,Sao Vicente e Granadinas,0,0,0.0,220073693,0.0
2010,Senegal,0,0,0.0,220073693,0.0
2010,Serra Leoa,0,0,0.0,220073693,0.0
2010,Singapura,0,0,0.0,220073693,0.0
2010,Suazilandia,0,0,0.0,220073693,0.0
2010,Suecia,0,0,0.0,220073693,0.0
2010,Suica,2025,21600,10.67,220073693,0.0009201463257128147
2010,Suriname,1836,1269,0.69,220073693,0.0008342660019796188
2010,Tailandia,0,0,0.0,220073693,0.0
2010,Taiwan,0,0,0.0,220073693,0.0
2010,Tanzania,0,0,0.0,220073693,0.0
2010,Republica Tcheca,1091,5285,4.84,220073693,0.000495743032766756
2010,Togo,0,0,0.0,220073693,0.0
2010,Trindade e Tobago,0,0,0.0,220073693,0.0
2010,Tunisia,0,0,0.0,220073693,0.0
2010,Turquia,0,0,0.0,220073693,0.0
2010,Tuvalu,0,0,0.0,220073693,0.0
2010,Uruguai,914,2929,3.2,220073693,0.00041531542800074696
2010,Vanuatu,0,0,0.0,220073693,0.0
2010,Venezuela,0,0,0.0,220073693,0.0
2010,Vietna,8820,9977,1.13,220073693,0.004007748440882483
2011,Afeganistao,0,0,0.0,305439220,0.0
2011,Africa do Sul,0,0,0.0,305439220,0.0
2011,Alemanha,36070,144150,4.0,305439220,0.01180922345205046
2011,Angola,13889,69001,4.97,305439220,0.004547222193665895
2011,Anguilla,0,0,0.0,305439220,0.0
2011,Antigua e Barbuda,0,0,0.0,305439220,0.0
2011,Antilhas Holandesas,7335,10188,1.39,305439220,0.0024014597732406467
2011,Argentina,13253,55460,4.18,305439220,0.0043389974607714096
2011,Aruba,900,1680,1.87,305439220,0.0002946576408884229
2011,Australia,3632,40704,11.21,305439220,0.001189107279674169
2011,Austria,0,0,0.0,305439220,0.0
2011,Bahamas,4529,28810,6.36,305439220,0.0014827827284262971
2011,Bangladesh,0,0,0.0,305439220,0.0
2011,Barbados,0,0,0.0,305439220,0.0
2011,Barein,0,0,0.0,305439220,0.0
2011,Belgica,11802,62339,5.28,305439220,0.003863943864183519
2011,Belize,0,0,0.0,305439220,0.0
2011,Benin,0,0,0.0,305439220,0.0
2011,Bolivia,12775,20215,1.58,305439220,0.00418250151372178
2011,Bosnia-Herzegovina,0,0,0.0,305439220,0.0
2011,Brasil,0,0,0.0,305439220,0.0
2011,Bulgaria,0,0,0.0,305439220,0.0
2011,Cabo Verde,600,825,1.38,305439220,0.0001964384272589486
2011,Camaroes,0,0,0.0,305439220,0.0
2011,Canada,28906,128076,4.43,305439220,0.009463748630578613
2011,Catar,0,0,0.0,305439220,0.0
2011,Ilhas Cayman,0,0,0.0,305439220,0.0
2011,Chile,0,0,0.0,305439220,0.0
2011,China,54156,334867,6.18,305439220,0.017730532444392703
2011,Chipre,0,0,0.0,305439220,0.0
2011,Cingapura,911,3317,3.64,305439220,0.000298259012054837
2011,Colombia,0,0,0.0,305439220,0.0
2011,Comores,0,0,0.0,305439220,0.0
2011,Congo,360,570,1.58,305439220,0.00011786305635536918
2011,Coreia do Sul,0,0,0.0,305439220,0.0
2011,Costa do Marfim,0,0,0.0,305439220,0.0
2011,Costa Rica,0,0,0.0,305439220,0.0
2011,Croacia,0,0,0.0,305439220,0.0
2011,Cuba,2880,4899,1.7,305439220,0.0009429044508429534
2011,Curacao,0,0,0.0,305439220,0.0
2011,Dinamarca,32797,83057,2.53,305439220,0.010737651831352895
2011,Dominica,0,0,0.0,305439220,0.0
2011,El Salvador,0,0,0.0,305439220,0.0
2011,Emirados Arabes Unidos,2120,6594,3.11,305439220,0.0006940824429816185
2011,Equador,0,0,0.0,305439220,0.0
2011,Eslovaquia,0,0,0.0,305439220,0.0
2011,Espanha,5206,24618,4.73,305439220,0.001704430753850144
2011,Estados Unidos,306787,1030254,3.36,305439220,0.10044125963915179
2011,Estonia,450,5336,11.86,305439220,0.00014732882044421144
2011,Filipinas,0,0,0.0,305439220,0.0
2011,Finlandia,12404,50394,4.06,305439220,0.004061037086199998
2011,Franca,0,0,0.0,305439220,0.0
2011,Gana,0,0,0.0,305439220,0.0
2011,Gibraltar,0,0,0.0,305439220,0.0
2011,Grecia,0,0,0.0,305439220,0.0
2011,Guatemala,0,0,0.0,305439220,0.0
2011,Guiana,0,0,0.0,305439220,0.0
2011,Guiana Francesa,0,0,0.0,305439220,0.0
2011,Guine-Bissau,0,0,0.0,305439220,0.0
2011,Guine Equatorial,956,1979,2.07,305439220,0.0003129918940992581
2011,Haiti,0,0,0.0,305439220,0.0
2011,Honduras,0,0,0.0,305439220,0.0
2011,Hong Kong,2063,7975,3.87,305439220,0.0006754207923920184
2011,Hungria,0,0,0.0,305439220,0.0
2011,Ilha de Man,0,0,0.0,305439220,0.0
2011,Ilhas Virgens,0,0,0.0,305439220,0.0
2011,India,0,0,0.0,305439220,0.0
2011,Indonesia,0,0,0.0,305439220,0.0
2011,Ira,0,0,0.0,305439220,0.0
2011,Iraque,0,0,0.0,305439220,0.0
2011,Irlanda,5376,35690,6.64,305439220,0.0017600883082401794
2011,Italia,11999,80298,6.69,305439220,0.003928441147800207
2011,Jamaica,0,0,0.0,305439220,0.0
2011,Japao,100835,144662,1.43,305439220,0.03301311468776014
2011,Jordania,0,0,0.0,305439220,0.0
2011,Letonia,0,0,0.0,305439220,0.0
2011,Libano,0,0,0.0,305439220,0.0
2011,Liberia,0,0,0.0,305439220,0.0
2011,Luxemburgo,9547,65592,6.87,305439220,0.0031256627750686373
2011,Malasia,0,0,0.0,305439220,0.0
2011,Malta,0,0,0.0,305439220,0.0
2011,Ilhas Marshall,0,0,0.0,305439220,0.0
2011,Mauritania,0,0,0.0,305439220,0.0
2011,Mexico,1350,7200,5.33,305439220,0.0004419864613326343
2011,Montenegro,0,0,0.0,305439220,0.0
2011,Namibia,0,0,0.0,305439220,0.0
2011,Nicaragua,0,0,0.0,305439220,0.0
2011,Nigeria,54,210,3.89,305439220,1.7679458453305376e-05
2011,Noruega,10268,78688,7.66,305439220,0.0033617162851581404
2011,Nova Caledonia,0,0,0.0,305439220,0.0
2011,Nova Zelandia,2587,7992,3.09,305439220,0.0008469770188648335
2011,Holanda,125414,395356,3.15,305439220,0.04106021486042297
2011,Panama,0,0,0.0,305439220,0.0
2011,Paraguai,240168,276281,1.15,305439220,0.07863037366321195
2011,Peru,0,0,0.0,305439220,0.0
2011,Polonia,11732,50684,4.32,305439220,0.003841026047669975
2011,Porto Rico,0,0,0.0,305439220,0.0
2011,Portugal,95,1031,10.85,305439220,3.110275098266686e-05
2011,Quenia,0,0,0.0,305439220,0.0
2011,Reino Unido,122629,285642,2.33,305439220,0.04014841316056268
2011,Republica Dominicana,0,0,0.0,305439220,0.0
2011,Russia,0,0,0.0,305439220,0.0
2011,Sao Tome e Principe,0,0,0.0,305439220,0.0
2011,Sao Vicente e Granadinas,0,0,0.0,305439220,0.0
2011,Senegal,0,0,0.0,305439220,0.0
2011,Serra Leoa,0,0,0.0,305439220,0.0
2011,Singapura,0,0,0.0,305439220,0.0
2011,Suazilandia,0,0,0.0,305439220,0.0
2011,Suecia,1641,14476,8.82,305439220,0.0005372590985532244
2011,Suica,0,0,0.0,305439220,0.0
2011,Suriname,3774,3735,0.99,305439220,0.0012355977074587866
2011,Tailandia,0,0,0.0,305439220,0.0
2011,Taiwan,4500,10600,2.36,305439220,0.0014732882044421146
2011,Tanzania,0,0,0.0,305439220,0.0
2011,Republica Tcheca,6846,37271,5.44,305439220,0.0022413624550246037
2011,Togo,0,0,0.0,305439220,0.0
2011,Trindade e Tobago,0,0,0.0,305439220,0.0
2011,Tunisia,0,0,0.0,305439220,0.0
2011,Turquia,0,0,0.0,305439220,0.0
2011,Tuvalu,0,0,0.0,305439220,0.0
2011,Uruguai,1238,4404,3.56,305439220,0.000405317954910964
2011,Vanuatu,0,0,0.0,305439220,0.0
2011,Venezuela,0,0,0.0,305439220,0.0
2011,Vietna,0,0,0.0,305439220,0.0
2012,Afeganistao,0,0,0.0,257977767,0.0
2012,Africa do Sul,0,0,0.0,257977767,0.0
2012,Alemanha,8189,56342,6.88,257977767,0.003174304551601146
2012,Angola,2833,8861,3.13,257977767,0.0010981566485145984
2012,Anguilla,0,0,0.0,257977767,0.0
2012,Antigua e Barbuda,0,0,0.0,257977767,0.0
2012,Antilhas Holandesas,9247,14081,1.52,257977767,0.0035844174122183175
2012,Argentina,0,0,0.0,257977767,0.0
2012,Aruba,0,0,0.0,257977767,0.0
2012,Australia,9345,56045,6.0,257977767,0.003622405181916316
2012,Austria,0,0,0.0,257977767,0.0
2012,Bahamas,1374,12087,8.8,257977767,0.0005326040363780652
2012,Bangladesh,0,0,0.0,257977767,0.0
2012,Barbados,0,0,0.0,257977767,0.0
2012,Barein,0,0,0.0,257977767,0.0
2012,Belgica,16132,90718,5.62,257977767,0.006253252048654254
2012,Belize,0,0,0.0,257977767,0.0
2012,Benin,0,0,0.0,257977767,0.0
2012,Bolivia,11868,16804,1.42,257977767,0.004600396436488265
2012,Bosnia-Herzegovina,0,0,0.0,257977767,0.0
2012,Brasil,0,0,0.0,257977767,0.0
2012,Bulgaria,0,0,0.0,257977767,0.0
2012,Cabo Verde,0,0,0.0,257977767,0.0
2012,Camaroes,0,0,0.0,257977767,0.0
2012,Canada,14304,146035,10.21,257977767,0.005544663854695665
2012,Catar,0,0,0.0,257977767,0.0
2012,Ilhas Cayman,0,0,0.0,257977767,0.0
2012,Chile,8550,15438,1.81,257977767,0.003314239090998877
2012,China,87905,642177,7.31,257977767,0.0340746417888019
2012,Chipre,0,0,0.0,257977767,0.0
2012,Cingapura,1212,5310,4.38,257977767,0.0004698079272854548
2012,Colombia,0,0,0.0,257977767,0.0
2012,Comores,0,0,0.0,257977767,0.0
2012,Congo,0,0,0.0,257977767,0.0
2012,Coreia do Sul,0,0,0.0,257977767,0.0
2012,Costa do Marfim,0,0,0.0,257977767,0.0
2012,Costa Rica,0,0,0.0,257977767,0.0
2012,Croacia,0,0,0.0,257977767,0.0
2012,Cuba,0,0,0.0,257977767,0.0
2012,Curacao,0,0,0.0,257977767,0.0
2012,Dinamarca,4716,23802,5.05,257977767,0.001828064509140433
2012,Dominica,0,0,0.0,257977767,0.0
2012,El Salvador,0,0,0.0,257977767,0.0
2012,Emirados Arabes Unidos,675,3300,4.89,257977767,0.0002616504545525429
2012,Equador,0,0,0.0,257977767,0.0
2012,Eslovaquia,0,0,0.0,257977767,0.0
2012,Espanha,0,0,0.0,257977767,0.0
2012,Estados Unidos,146585,303986,2.07,257977767,0.0568207879712363
2012,Estonia,3321,19384,5.84,257977767,0.001287320236398511
2012,Filipinas,0,0,0.0,257977767,0.0
2012,Finlandia,17100,67959,3.97,257977767,0.006628478181997754
2012,Franca,195604,185791,0.95,257977767,0.07582203779599349
2012,Gana,0,0,0.0,257977767,0.0
2012,Gibraltar,0,0,0.0,257977767,0.0
2012,Grecia,0,0,0.0,257977767,0.0
2012,Guatemala,0,0,0.0,257977767,0.0
2012,Guiana,0,0,0.0,257977767,0.0
2012,Guiana Francesa,0,0,0.0,257977767,0.0
2012,Guine-Bissau,0,0,0.0,257977767,0.0
2012,Guine Equatorial,819,2530,3.09,257977767,0.0003174692181904187
2012,Haiti,0,0,0.0,257977767,0.0
2012,Honduras,0,0,0.0,257977767,0.0
2012,Hong Kong,1609,7653,4.76,257977767,0.0006236971575926541
2012,Hungria,0,0,0.0,257977767,0.0
2012,Ilha de Man,0,0,0.0,257977767,0.0
2012,Ilhas Virgens,0,0,0.0,257977767,0.0
2012,India,0,0,0.0,257977767,0.0
2012,Indonesia,0,0,0.0,257977767,0.0
2012,Ira,0,0,0.0,257977767,0.0
2012,Iraque,0,0,0.0,257977767,0.0
2012,Irlanda,0,0,0.0,257977767,0.0
2012,Italia,792,5622,7.1,257977767,0.000307003200008317
2012,Jamaica,0,0,0.0,257977767,0.0
2012,Japao,29281,116961,3.99,257977767,0.01135020290333779
2012,Jordania,0,0,0.0,257977767,0.0
2012,Letonia,0,0,0.0,257977767,0.0
2012,Libano,0,0,0.0,257977767,0.0
2012,Liberia,0,0,0.0,257977767,0.0
2012,Luxemburgo,2444,16547,6.77,257977767,0.0009473684606317256
2012,Malasia,0,0,0.0,257977767,0.0
2012,Malta,0,0,0.0,257977767,0.0
2012,Ilhas Marshall,0,0,0.0,257977767,0.0
2012,Mauritania,0,0,0.0,257977767,0.0
2012,Mexico,0,0,0.0,257977767,0.0
2012,Montenegro,0,0,0.0,257977767,0.0
2012,Namibia,0,0,0.0,257977767,0.0
2012,Nicaragua,0,0,0.0,257977767,0.0
2012,Nigeria,6449,10196,1.58,257977767,0.0024998278243101467
2012,Noruega,5104,31515,6.17,257977767,0.001978465066720265
2012,Nova Caledonia,0,0,0.0,257977767,0.0
2012,Nova Zelandia,2364,8817,3.73,257977767,0.0009163580363884614
2012,Holanda,134879,539641,4.0,257977767,0.05228318764384064
2012,Panama,39,2262,58.0,257977767,1.5117581818591369e-05
2012,Paraguai,354824,428279,1.21,257977767,0.13754053464615035
2012,Peru,0,0,0.0,257977767,0.0
2012,Polonia,21663,89158,4.12,257977767,0.008397235254772943
2012,Porto Rico,0,0,0.0,257977767,0.0
2012,Portugal,47172,47022,1.0,257977767,0.01828529665504082
2012,Quenia,94,458,4.87,257977767,3.6437248485835603e-05
2012,Reino Unido,82937,334856,4.04,257977767,0.03214889444329518
2012,Republica Dominicana,0,0,0.0,257977767,0.0
2012,Russia,4528176,2103968,0.46,257977767,1.7552582351020969
2012,Sao Tome e Principe,0,0,0.0,257977767,0.0
2012,Sao Vicente e Granadinas,0,0,0.0,257977767,0.0
2012,Senegal,0,0,0.0,257977767,0.0
2012,Serra Leoa,0,0,0.0,257977767,0.0
2012,Singapura,0,0,0.0,257977767,0.0
2012,Suazilandia,0,0,0.0,257977767,0.0
2012,Suecia,2705,17280,6.39,257977767,0.0010485399697253755
2012,Suica,4014,47240,11.77,257977767,0.0015559480364057885
2012,Suriname,396,1288,3.25,257977767,0.0001535016000041585
2012,Tailandia,0,0,0.0,257977767,0.0
2012,Taiwan,0,0,0.0,257977767,0.0
2012,Tanzania,0,0,0.0,257977767,0.0
2012,Republica Tcheca,7960,27789,3.49,257977767,0.003085537212204802
2012,Togo,0,0,0.0,257977767,0.0
2012,Trindade e Tobago,531,2720,5.12,257977767,0.00020583169091466707
2012,Tunisia,0,0,0.0,257977767,0.0
2012,Turquia,0,0,0.0,257977767,0.0
2012,Tuvalu,0,0,0.0,257977767,0.0
2012,Uruguai,1135,3879,3.42,257977767,0.00043996039395131285
2012,Vanuatu,0,0,0.0,257977767,0.0
2012,Venezuela,1029,7492,7.28,257977767,0.0003988715818289876
2012,Vietna,0,0,0.0,257977767,0.0
2013,Afeganistao,0,0,0.0,242686752,0.0
2013,Africa do Sul,0,0,0.0,242686752,0.0
2013,Alemanha,61699,265978,4.31,242686752,0.025423307820280197
2013,Angola,1573,9300,5.91,242686752,0.0006481606379568671
2013,Anguilla,0,0,0.0,242686752,0.0
2013,Antigua e Barbuda,0,0,0.0,242686752,0.0
2013,Antilhas Holandesas,11281,19565,1.73,242686752,0.0046483789935101195
2013,Argentina,0,0,0.0,242686752,0.0
2013,Aruba,0,0,0.0,242686752,0.0
2013,Australia,16707,101715,6.09,242686752,0.006884182948725607
2013,Austria,0,0,0.0,242686752,0.0
2013,Bahamas,581,5145,8.86,242686752,0.00023940326169926242
2013,Bangladesh,0,0,0.0,242686752,0.0
2013,Barbados,0,0,0.0,242686752,0.0
2013,Barein,0,0,0.0,242686752,0.0
2013,Belgica,22461,95893,4.27,242686752,0.009255140552542397
2013,Belize,0,0,0.0,242686752,0.0
2013,Benin,0,0,0.0,242686752,0.0
2013,Bolivia,19147,25998,1.36,242686752,0.007889594237101167
2013,Bosnia-Herzegovina,0,0,0.0,242686752,0.0
2013,Brasil,0,0,0.0,242686752,0.0
2013,Bulgaria,0,0,0.0,242686752,0.0
2013,Cabo Verde,0,0,0.0,242686752,0.0
2013,Camaroes,0,0,0.0,242686752,0.0
2013,Canada,25329,174643,6.89,242686752,0.010436910870190393
2013,Catar,0,0,0.0,242686752,0.0
2013,Ilhas Cayman,0,0,0.0,242686752,0.0
2013,Chile,0,0,0.0,242686752,0.0
2013,China,40929,279956,6.84,242686752,0.016864950254886595
2013,Chipre,0,0,0.0,242686752,0.0
2013,Cingapura,766,5779,7.54,242686752,0.000315633215940852
2013,Colombia,8,30,3.75,242686752,3.296430453690361e-06
2013,Comores,0,0,0.0,242686752,0.0
2013,Congo,0,0,0.0,242686752,0.0
2013,Coreia do Sul,0,0,0.0,242686752,0.0
2013,Costa do Marfim,0,0,0.0,242686752,0.0
2013,Costa Rica,0,0,0.0,242686752,0.0
2013,Croacia,0,0,0.0,242686752,0.0
2013,Cuba,0,0,0.0,242686752,0.0
2013,Curacao,0,0,0.0,242686752,0.0
2013,Dinamarca,17892,101915,5.7,242686752,0.007372466709678492
2013,Dominica,0,0,0.0,242686752,0.0
2013,El Salvador,0,0,0.0,242686752,0.0
2013,Emirados Arabes Unidos,0,0,0.0,242686752,0.0
2013,Equador,0,0,0.0,242686752,0.0
2013,Eslovaquia,0,0,0.0,242686752,0.0
2013,Espanha,1972980,3748940,1.9,242686752,0.8129739195652509
2013,Estados Unidos,245368,786556,3.21,242686752,0.10110481844513705
2013,Estonia,0,0,0.0,242686752,0.0
2013,Filipinas,0,0,0.0,242686752,0.0
2013,Finlandia,36682,283114,7.72,242686752,0.015114957737783725
2013,Franca,6885,42256,6.14,242686752,0.0028369904592072666
2013,Gana,0,0,0.0,242686752,0.0
2013,Gibraltar,0,0,0.0,242686752,0.0
2013,Grecia,0,0,0.0,242686752,0.0
2013,Guatemala,0,0,0.0,242686752,0.0
2013,Guiana,0,0,0.0,242686752,0.0
2013,Guiana Francesa,0,0,0.0,242686752,0.0
2013,Guine-Bissau,0,0,0.0,242686752,0.0
2013,Guine Equatorial,1108,5336,4.82,242686752,0.00045655561783611493
2013,Haiti,0,0,0.0,242686752,0.0
2013,Honduras,0,0,0.0,242686752,0.0
2013,Hong Kong,16013,61224,3.82,242686752,0.006598217606867967
2013,Hungria,0,0,0.0,242686752,0.0
2013,Ilha de Man,0,0,0.0,242686752,0.0
2013,Ilhas Virgens,0,0,0.0,242686752,0.0
2013,India,0,0,0.0,242686752,0.0
2013,Indonesia,0,0,0.0,242686752,0.0
2013,Ira,0,0,0.0,242686752,0.0
2013,Iraque,0,0,0.0,242686752,0.0
2013,Irlanda,0,0,0.0,242686752,0.0
2013,Italia,1710,11967,7.0,242686752,0.0007046120094763146
2013,Jamaica,0,0,0.0,242686752,0.0
2013,Japao,91988,429088,4.66,242686752,0.03790400557175861
2013,Jordania,0,0,0.0,242686752,0.0
2013,Letonia,0,0,0.0,242686752,0.0
2013,Libano,0,0,0.0,242686752,0.0
2013,Liberia,0,0,0.0,242686752,0.0
2013,Luxemburgo,5135,29474,5.74,242686752,0.0021158962974625003
2013,Malasia,0,0,0.0,242686752,0.0
2013,Malta,0,0,0.0,242686752,0.0
2013,Ilhas Marshall,0,0,0.0,242686752,0.0
2013,Mauritania,0,0,0.0,242686752,0.0
2013,Mexico,0,0,0.0,242686752,0.0
2013,Montenegro,0,0,0.0,242686752,0.0
2013,Namibia,0,0,0.0,242686752,0.0
2013,Nicaragua,0,0,0.0,242686752,0.0
2013,Nigeria,1350,2245,1.66,242686752,0.0005562726390602483
2013,Noruega,2375,19008,8.0,242686752,0.000978627790939326
2013,Nova Caledonia,0,0,0.0,242686752,0.0
2013,Nova Zelandia,1004,4092,4.08,242686752,0.0004137020219381402
2013,Holanda,57792,255690,4.42,242686752,0.023813413597459164
2013,Panama,0,0,0.0,242686752,0.0
2013,Paraguai,481564,680828,1.41,242686752,0.1984302793751181
2013,Peru,0,0,0.0,242686752,0.0
2013,Polonia,19249,90960,4.73,242686752,0.007931623725385719
2013,Porto Rico,0,0,0.0,242686752,0.0
2013,Portugal,23810,17627,0.74,242686752,0.009811001137795936
2013,Quenia,6,4,0.67,242686752,2.4723228402677707e-06
2013,Reino Unido,59161,305005,5.16,242686752,0.024377515258846925
2013,Republica Dominicana,0,0,0.0,242686752,0.0
2013,Russia,5893291,14795694,2.51,242686752,2.4283529906074146
2013,Sao Tome e Principe,0,0,0.0,242686752,0.0
2013,Sao Vicente e Granadinas,0,0,0.0,242686752,0.0
2013,Senegal,0,0,0.0,242686752,0.0
2013,Serra Leoa,0,0,0.0,242686752,0.0
2013,Singapura,0,0,0.0,242686752,0.0
2013,Suazilandia,0,0,0.0,242686752,0.0
2013,Suecia,3195,20183,6.32,242686752,0.0013165119124425879
2013,Suica,2997,29785,9.94,242686752,0.0012349252587137512
2013,Suriname,1800,2960,1.64,242686752,0.0007416968520803311
2013,Tailandia,0,0,0.0,242686752,0.0
2013,Taiwan,0,0,0.0,242686752,0.0
2013,Tanzania,0,0,0.0,242686752,0.0
2013,Republica Tcheca,3697,23549,6.37,242686752,0.0015233629234116578
2013,Togo,0,0,0.0,242686752,0.0
2013,Trindade e Tobago,0,0,0.0,242686752,0.0
2013,Tunisia,0,0,0.0,242686752,0.0
2013,Turquia,0,0,0.0,242686752,0.0
2013,Tuvalu,0,0,0.0,242686752,0.0
2013,Uruguai,1526,13343,8.74,242686752,0.0006287941090414363
2013,Vanuatu,0,0,0.0,242686752,0.0
2013,Venezuela,0,0,0.0,242686752,0.0
2013,Vietna,0,0,0.0,242686752,0.0
2014,Afeganistao,0,0,0.0,234637437,0.0
2014,Africa do Sul,0,0,0.0,234637437,0.0
2014,Alemanha,213348,761653,3.57,234637437,0.09092666657452451
2014,Angola,12182,23124,1.9,234637437,0.005191839868247452
2014,Anguilla,0,0,0.0,234637437,0.0
2014,Antigua e Barbuda,0,0,0.0,234637437,0.0
2014,Antilhas Holandesas,4455,7169,1.61,234637437,0.0018986739954886228
2014,Argentina,20385,95130,4.67,234637437,0.008687871918750971
2014,Aruba,450,755,1.68,234637437,0.00019178525206955783
2014,Australia,6308,43709,6.93,234637437,0.0026884030445661574
2014,Austria,0,0,0.0,234637437,0.0
2014,Bahamas,0,0,0.0,234637437,0.0
2014,Bangladesh,0,0,0.0,234637437,0.0
2014,Barbados,0,0,0.0,234637437,0.0
2014,Barein,0,0,0.0,234637437,0.0
2014,Belgica,151320,704093,4.65,234637437,0.06449098742925666
2014,Belize,0,0,0.0,234637437,0.0
2014,Benin,0,0,0.0,234637437,0.0
2014,Bolivia,12534,18303,1.46,234637437,0.0053418585543107515
2014,Bosnia-Herzegovina,0,0,0.0,234637437,0.0
2014,Brasil,0,0,0.0,234637437,0.0
2014,Bulgaria,0,0,0.0,234637437,0.0
2014,Cabo Verde,0,0,0.0,234637437,0.0
2014,Camaroes,0,0,0.0,234637437,0.0
2014,Canada,35082,226875,6.47,234637437,0.014951578251342731
2014,Catar,0,0,0.0,234637437,0.0
2014,Ilhas Cayman,0,0,0.0,234637437,0.0
2014,Chile,0,0,0.0,234637437,0.0
2014,China,64040,455340,7.11,234637437,0.027293172316743303
2014,Chipre,0,0,0.0,234637437,0.0
2014,Cingapura,541,3887,7.18,234637437,0.00023056849193251288
2014,Colombia,0,0,0.0,234637437,0.0
2014,Comores,0,0,0.0,234637437,0.0
2014,Congo,0,0,0.0,234637437,0.0
2014,Coreia do Sul,0,0,0.0,234637437,0.0
2014,Costa do Marfim,0,0,0.0,234637437,0.0
2014,Costa Rica,0,0,0.0,234637437,0.0
2014,Croacia,0,0,0.0,234637437,0.0
2014,Cuba,38875,43200,1.11,234637437,0.01656811483156458
2014,Curacao,0,0,0.0,234637437,0.0
2014,Dinamarca,3240,16871,5.21,234637437,0.0013808538149008166
2014,Dominica,0,0,0.0,234637437,0.0
2014,El Salvador,0,0,0.0,234637437,0.0
2014,Emirados Arabes Unidos,640,3381,5.28,234637437,0.0002727612473878156
2014,Equador,0,0,0.0,234637437,0.0
2014,Eslovaquia,0,0,0.0,234637437,0.0
2014,Espanha,0,0,0.0,234637437,0.0
2014,Estados Unidos,222267,494216,2.22,234637437,0.09472785027054315
2014,Estonia,0,0,0.0,234637437,0.0
2014,Filipinas,0,0,0.0,234637437,0.0
2014,Finlandia,12960,94962,7.33,234637437,0.005523415259603266
2014,Franca,33755,167807,4.97,234637437,0.014386024852462055
2014,Gana,0,0,0.0,234637437,0.0
2014,Gibraltar,0,0,0.0,234637437,0.0
2014,Grecia,0,0,0.0,234637437,0.0
2014,Guatemala,0,0,0.0,234637437,0.0
2014,Guiana,0,0,0.0,234637437,0.0
2014,Guiana Francesa,0,0,0.0,234637437,0.0
2014,Guine-Bissau,0,0,0.0,234637437,0.0
2014,Guine Equatorial,5646,11983,2.12,234637437,0.002406265629299386
2014,Haiti,0,0,0.0,234637437,0.0
2014,Honduras,0,0,0.0,234637437,0.0
2014,Hong Kong,18130,63534,3.5,234637437,0.0077268147111579635
2014,Hungria,0,0,0.0,234637437,0.0
2014,Ilha de Man,0,0,0.0,234637437,0.0
2014,Ilhas Virgens,0,0,0.0,234637437,0.0
2014,India,0,0,0.0,234637437,0.0
2014,Indonesia,0,0,0.0,234637437,0.0
2014,Ira,0,0,0.0,234637437,0.0
2014,Iraque,0,0,0.0,234637437,0.0
2014,Irlanda,0,0,0.0,234637437,0.0
2014,Italia,604,2492,4.13,234637437,0.000257418427222251
2014,Jamaica,0,0,0.0,234637437,0.0
2014,Japao,106426,401774,3.78,234637437,0.045357638303899474
2014,Jordania,0,0,0.0,234637437,0.0
2014,Letonia,0,0,0.0,234637437,0.0
2014,Libano,0,0,0.0,234637437,0.0
2014,Liberia,0,0,0.0,234637437,0.0
2014,Luxemburgo,8281,52400,6.33,234637437,0.003529274827528908
2014,Malasia,0,0,0.0,234637437,0.0
2014,Malta,0,0,0.0,234637437,0.0
2014,Ilhas Marshall,0,0,0.0,234637437,0.0
2014,Mauritania,0,0,0.0,234637437,0.0
2014,Mexico,1521,24336,16.0,234637437,0.0006482341519951055
2014,Montenegro,0,0,0.0,234637437,0.0
2014,Namibia,0,0,0.0,234637437,0.0
2014,Nicaragua,0,0,0.0,234637437,0.0
2014,Nigeria,0,0,0.0,234637437,0.0
2014,Noruega,7179,50464,7.03,234637437,0.0030596140546830133
2014,Nova Caledonia,0,0,0.0,234637437,0.0
2014,Nova Zelandia,2800,13675,4.88,234637437,0.0011933304573216934
2014,Holanda,165289,773767,4.68,234637437,0.07044442784294477
2014,Panama,0,0,0.0,234637437,0.0
2014,Paraguai,521847,908028,1.74,234637437,0.22240568541498346
2014,Peru,0,0,0.0,234637437,0.0
2014,Polonia,30181,107957,3.58,234637437,0.012862823761580723
2014,Porto Rico,0,0,0.0,234637437,0.0
2014,Portugal,71544,79141,1.11,234637437,0.03049129794236544
2014,Quenia,0,0,0.0,234637437,0.0
2014,Reino Unido,305807,1373747,4.49,234637437,0.13033171684363395
2014,Republica Dominicana,0,0,0.0,234637437,0.0
2014,Russia,190656,61440,0.32,234637437,0.08125557559683026
2014,Sao Tome e Principe,0,0,0.0,234637437,0.0
2014,Sao Vicente e Granadinas,0,0,0.0,234637437,0.0
2014,Senegal,0,0,0.0,234637437,0.0
2014,Serra Leoa,0,0,0.0,234637437,0.0
2014,Singapura,0,0,0.0,234637437,0.0
2014,Suazilandia,0,0,0.0,234637437,0.0
2014,Suecia,10404,51057,4.91,234637437,0.004434075027848178
2014,Suica,27933,231762,8.3,234637437,0.011904749880131021
2014,Suriname,6,19,3.17,234637437,2.5571366942607713e-06
2014,Tailandia,0,0,0.0,234637437,0.0
2014,Taiwan,12519,67907,5.42,234637437,0.0053354657125751
2014,Tanzania,0,0,0.0,234637437,0.0
2014,Republica Tcheca,4500,35005,7.78,234637437,0.0019178525206955785
2014,Togo,0,0,0.0,234637437,0.0
2014,Trindade e Tobago,360,1600,4.44,234637437,0.00015342820165564628
2014,Tunisia,0,0,0.0,234637437,0.0
2014,Turquia,0,0,0.0,234637437,0.0
2014,Tuvalu,0,0,0.0,234637437,0.0
2014,Uruguai,0,0,0.0,234637437,0.0
2014,Vanuatu,0,0,0.0,234637437,0.0
2014,Venezuela,14,232,16.57,234637437,5.966652286608467e-06
2014,Vietna,0,0,0.0,234637437,0.0
2015,Afeganistao,0,0,0.0,247457542,0.0
2015,Africa do Sul,0,0,0.0,247457542,0.0
2015,Alemanha,10680,44780,4.19,247457542,0.0043158918955074725
2015,Angola,1908,17089,8.96,247457542,0.0007710413611075147
2015,Anguilla,0,0,0.0,247457542,0.0
2015,Antigua e Barbuda,0,0,0.0,247457542,0.0
2015,Antilhas Holandesas,6660,10545,1.58,247457542,0.002691370788771514
2015,Argentina,0,0,0.0,247457542,0.0
2015,Aruba,0,0,0.0,247457542,0.0
2015,Australia,7437,48011,6.46,247457542,0.003005364047461524
2015,Austria,0,0,0.0,247457542,0.0
2015,Bahamas,0,0,0.0,247457542,0.0
2015,Bangladesh,0,0,0.0,247457542,0.0
2015,Barbados,0,0,0.0,247457542,0.0
2015,Barein,0,0,0.0,247457542,0.0
2015,Belgica,4473,26399,5.9,247457542,0.0018075828135397868
2015,Belize,0,0,0.0,247457542,0.0
2015,Benin,0,0,0.0,247457542,0.0
2015,Bolivia,10674,12990,1.22,247457542,0.00431346723713921
2015,Bosnia-Herzegovina,0,0,0.0,247457542,0.0
2015,Brasil,0,0,0.0,247457542,0.0
2015,Bulgaria,0,0,0.0,247457542,0.0
2015,Cabo Verde,0,0,0.0,247457542,0.0
2015,Camaroes,0,0,0.0,247457542,0.0
2015,Canada,24547,118394,4.82,247457542,0.009919681494290442
2015,Catar,0,0,0.0,247457542,0.0
2015,Ilhas Cayman,0,0,0.0,247457542,0.0
2015,Chile,0,0,0.0,247457542,0.0
2015,China,47609,222866,4.68,247457542,0.019239260042435886
2015,Chipre,0,0,0.0,247457542,0.0
2015,Cingapura,1116,2774,2.49,247457542,0.00045098645649684825
2015,Colombia,0,0,0.0,247457542,0.0
2015,Comores,0,0,0.0,247457542,0.0
2015,Congo,0,0,0.0,247457542,0.0
2015,Coreia do Sul,0,0,0.0,247457542,0.0
2015,Costa do Marfim,0,0,0.0,247457542,0.0
2015,Costa Rica,0,0,0.0,247457542,0.0
2015,Croacia,0,0,0.0,247457542,0.0
2015,Cuba,97965,108864,1.11,247457542,0.03958860950780801
2015,Curacao,0,0,0.0,247457542,0.0
2015,Dinamarca,7080,29306,4.14,247457542,0.0028610968745498974
2015,Dominica,0,0,0.0,247457542,0.0
2015,El Salvador,0,0,0.0,247457542,0.0
2015,Emirados Arabes Unidos,765,3740,4.89,247457542,0.00030914394195348467
2015,Equador,0,0,0.0,247457542,0.0
2015,Eslovaquia,0,0,0.0,247457542,0.0
2015,Espanha,0,0,0.0,247457542,0.0
2015,Estados Unidos,195896,524109,2.68,247457542,0.07916347928486253
2015,Estonia,0,0,0.0,247457542,0.0
2015,Filipinas,0,0,0.0,247457542,0.0
2015,Finlandia,0,0,0.0,247457542,0.0
2015,Franca,1596,4749,2.98,247457542,0.0006449591259578583
2015,Gana,0,0,0.0,247457542,0.0
2015,Gibraltar,0,0,0.0,247457542,0.0
2015,Grecia,0,0,0.0,247457542,0.0
2015,Guatemala,0,0,0.0,247457542,0.0
2015,Guiana,0,0,0.0,247457542,0.0
2015,Guiana Francesa,0,0,0.0,247457542,0.0
2015,Guine-Bissau,0,0,0.0,247457542,0.0
2015,Guine Equatorial,0,0,0.0,247457542,0.0
2015,Haiti,0,0,0.0,247457542,0.0
2015,Honduras,0,0,0.0,247457542,0.0
2015,Hong Kong,1229,7837,6.38,247457542,0.0004966508557657943
2015,Hungria,0,0,0.0,247457542,0.0
2015,Ilha de Man,0,0,0.0,247457542,0.0
2015,Ilhas Virgens,0,0,0.0,247457542,0.0
2015,India,0,0,0.0,247457542,0.0
2015,Indonesia,0,0,0.0,247457542,0.0
2015,Ira,0,0,0.0,247457542,0.0
2015,Iraque,0,0,0.0,247457542,0.0
2015,Irlanda,0,0,0.0,247457542,0.0
2015,Italia,0,0,0.0,247457542,0.0
2015,Jamaica,0,0,0.0,247457542,0.0
2015,Japao,31597,87853,2.78,247457542,0.012768655076999029
2015,Jordania,0,0,0.0,247457542,0.0
2015,Letonia,0,0,0.0,247457542,0.0
2015,Libano,0,0,0.0,247457542,0.0
2015,Liberia,0,0,0.0,247457542,0.0
2015,Luxemburgo,2295,17358,7.56,247457542,0.0009274318258604541
2015,Malasia,0,0,0.0,247457542,0.0
2015,Malta,0,0,0.0,247457542,0.0
2015,Ilhas Marshall,0,0,0.0,247457542,0.0
2015,Mauritania,0,0,0.0,247457542,0.0
2015,Mexico,0,0,0.0,247457542,0.0
2015,Montenegro,0,0,0.0,247457542,0.0
2015,Namibia,0,0,0.0,247457542,0.0
2015,Nicaragua,0,0,0.0,247457542,0.0
2015,Nigeria,0,0,0.0,247457542,0.0
2015,Noruega,1058,6021,5.69,247457542,0.0004275480922703096
2015,Nova Caledonia,0,0,0.0,247457542,0.0
2015,Nova Zelandia,809,3476,4.3,247457542,0.0003269247699874106
2015,Holanda,44987,186464,4.14,247457542,0.018179684335505118
2015,Panama,0,0,0.0,247457542,0.0
2015,Paraguai,495428,741370,1.5,247457542,0.20020727434526928
2015,Peru,0,0,0.0,247457542,0.0
2015,Polonia,11654,42781,3.67,247457542,0.004709494770622106
2015,Porto Rico,0,0,0.0,247457542,0.0
2015,Portugal,47736,42586,0.89,247457542,0.019290581977897445
2015,Quenia,0,0,0.0,247457542,0.0
2015,Reino Unido,68382,308407,4.51,247457542,0.027633831423089134
2015,Republica Dominicana,0,0,0.0,247457542,0.0
2015,Russia,47664,18240,0.38,247457542,0.019261486077478292
2015,Sao Tome e Principe,0,0,0.0,247457542,0.0
2015,Sao Vicente e Granadinas,0,0,0.0,247457542,0.0
2015,Senegal,0,0,0.0,247457542,0.0
2015,Serra Leoa,0,0,0.0,247457542,0.0
2015,Singapura,0,0,0.0,247457542,0.0
2015,Suazilandia,0,0,0.0,247457542,0.0
2015,Suecia,1412,6404,4.54,247457542,0.0005706029359978044
2015,Suica,15872,85790,5.41,247457542,0.006414029603510731
2015,Suriname,453,713,1.57,247457542,0.00018306170680382818
2015,Tailandia,0,0,0.0,247457542,0.0
2015,Taiwan,7200,23940,3.32,247457542,0.00290959004191515
2015,Tanzania,0,0,0.0,247457542,0.0
2015,Republica Tcheca,2297,15304,6.66,247457542,0.0009282400453165416
2015,Togo,0,0,0.0,247457542,0.0
2015,Trindade e Tobago,0,0,0.0,247457542,0.0
2015,Tunisia,0,0,0.0,247457542,0.0
2015,Turquia,0,0,0.0,247457542,0.0
2015,Tuvalu,0,0,0.0,247457542,0.0
2015,Uruguai,0,0,0.0,247457542,0.0
2015,Vanuatu,0,0,0.0,247457542,0.0
2015,Venezuela,0,0,0.0,247457542,0.0
2015,Vietna,0,0,0.0,247457542,0.0
2016,Afeganistao,0,0,0.0,104389641,0.0
2016,Africa do Sul,0,0,0.0,104389641,0.0
2016,Alemanha,14012,68109,4.86,104389641,0.013422787803245725
2016,Angola,7359,35390,4.81,104389641,0.007049550060240173
2016,Anguilla,0,0,0.0,104389641,0.0
2016,Antigua e Barbuda,0,0,0.0,104389641,0.0
2016,Antilhas Holandesas,16641,26450,1.59,104389641,0.01594123692790552
2016,Argentina,0,0,0.0,104389641,0.0
2016,Aruba,0,0,0.0,104389641,0.0
2016,Australia,1954,13799,7.06,104389641,0.0018718332406181951
2016,Austria,675,5220,7.73,104389641,0.0006466158840415976
2016,Bahamas,0,0,0.0,104389641,0.0
2016,Bangladesh,0,0,0.0,104389641,0.0
2016,Barbados,0,0,0.0,104389641,0.0
2016,Barein,0,0,0.0,104389641,0.0
2016,Belgica,7200,46534,6.46,104389641,0.0068972360964437065
2016,Belize,0,0,0.0,104389641,0.0
2016,Benin,5040,20333,4.03,104389641,0.004828065267510595
2016,Bolivia,13586,16902,1.24,104389641,0.01301470133420614
2016,Bosnia-Herzegovina,0,0,0.0,104389641,0.0
2016,Brasil,0,0,0.0,104389641,0.0
2016,Bulgaria,0,0,0.0,104389641,0.0
2016,Cabo Verde,0,0,0.0,104389641,0.0
2016,Camaroes,0,0,0.0,104389641,0.0
2016,Canada,13711,71096,5.19,104389641,0.013134445016436066
2016,Catar,0,0,0.0,104389641,0.0
2016,Ilhas Cayman,0,0,0.0,104389641,0.0
2016,Chile,0,0,0.0,104389641,0.0
2016,China,134106,499622,3.73,104389641,0.12846676999301107
2016,Chipre,0,0,0.0,104389641,0.0
2016,Cingapura,5445,13199,2.42,104389641,0.005216034797935554
2016,Colombia,0,0,0.0,104389641,0.0
2016,Comores,0,0,0.0,104389641,0.0
2016,Congo,0,0,0.0,104389641,0.0
2016,Coreia do Sul,8,20,2.5,104389641,7.66359566271523e-06
2016,Costa do Marfim,0,0,0.0,104389641,0.0
2016,Costa Rica,0,0,0.0,104389641,0.0
2016,Croacia,0,0,0.0,104389641,0.0
2016,Cuba,63741,69830,1.1,104389641,0.06106065639214144
2016,Curacao,0,0,0.0,104389641,0.0
2016,Dinamarca,1278,8171,6.39,104389641,0.001224259407118758
2016,Dominica,0,0,0.0,104389641,0.0
2016,El Salvador,0,0,0.0,104389641,0.0
2016,Emirados Arabes Unidos,585,2760,4.72,104389641,0.0005604004328360512
2016,Equador,0,0,0.0,104389641,0.0
2016,Eslovaquia,0,0,0.0,104389641,0.0
2016,Espanha,0,0,0.0,104389641,0.0
2016,Estados Unidos,258072,687411,2.66,104389641,0.24721993248353064
2016,Estonia,900,4800,5.33,104389641,0.0008621545120554633
2016,Filipinas,0,0,0.0,104389641,0.0
2016,Finlandia,7617,41003,5.38,104389641,0.007296701020362739
2016,Franca,6037,30055,4.98,104389641,0.005783140876976481
2016,Gana,0,0,0.0,104389641,0.0
2016,Gibraltar,0,0,0.0,104389641,0.0
2016,Grecia,0,0,0.0,104389641,0.0
2016,Guatemala,0,0,0.0,104389641,0.0
2016,Guiana,0,0,0.0,104389641,0.0
2016,Guiana Francesa,0,0,0.0,104389641,0.0
2016,Guine-Bissau,0,0,0.0,104389641,0.0
2016,Guine Equatorial,0,0,0.0,104389641,0.0
2016,Haiti,0,0,0.0,104389641,0.0
2016,Honduras,0,0,0.0,104389641,0.0
2016,Hong Kong,6975,86199,12.36,104389641,0.006681697468429842
2016,Hungria,0,0,0.0,104389641,0.0
2016,Ilha de Man,0,0,0.0,104389641,0.0
2016,Ilhas Virgens,0,0,0.0,104389641,0.0
2016,India,0,0,0.0,104389641,0.0
2016,Indonesia,0,0,0.0,104389641,0.0
2016,Ira,0,0,0.0,104389641,0.0
2016,Iraque,0,0,0.0,104389641,0.0
2016,Irlanda,0,0,0.0,104389641,0.0
2016,Italia,585,3465,5.92,104389641,0.0005604004328360512
2016,Jamaica,0,0,0.0,104389641,0.0
2016,Japao,34341,90954,2.65,104389641,0.032896942331662966
2016,Jordania,0,0,0.0,104389641,0.0
2016,Letonia,0,0,0.0,104389641,0.0
2016,Libano,0,0,0.0,104389641,0.0
2016,Liberia,0,0,0.0,104389641,0.0
2016,Luxemburgo,2759,21426,7.77,104389641,0.0026429825541789153
2016,Malasia,0,0,0.0,104389641,0.0
2016,Malta,0,0,0.0,104389641,0.0
2016,Ilhas Marshall,0,0,0.0,104389641,0.0
2016,Mauritania,0,0,0.0,104389641,0.0
2016,Mexico,0,0,0.0,104389641,0.0
2016,Montenegro,0,0,0.0,104389641,0.0
2016,Namibia,0,0,0.0,104389641,0.0
2016,Nicaragua,0,0,0.0,104389641,0.0
2016,Nigeria,0,0,0.0,104389641,0.0
2016,Noruega,0,0,0.0,104389641,0.0
2016,Nova Caledonia,0,0,0.0,104389641,0.0
2016,Nova Zelandia,504,9472,18.79,104389641,0.00048280652675105956
2016,Holanda,42953,190203,4.43,104389641,0.04114680306257591
2016,Panama,0,0,0.0,104389641,0.0
2016,Paraguai,985739,1655417,1.68,104389641,0.9442881406211561
2016,Peru,0,0,0.0,104389641,0.0
2016,Polonia,11457,35402,3.09,104389641,0.010975226938466049
2016,Porto Rico,0,0,0.0,104389641,0.0
2016,Portugal,0,0,0.0,104389641,0.0
2016,Quenia,0,0,0.0,104389641,0.0
2016,Reino Unido,117044,536681,4.59,104389641,0.11212223634335518
2016,Republica Dominicana,0,0,0.0,104389641,0.0
2016,Russia,0,0,0.0,104389641,0.0
2016,Sao Tome e Principe,0,0,0.0,104389641,0.0
2016,Sao Vicente e Granadinas,0,0,0.0,104389641,0.0
2016,Senegal,0,0,0.0,104389641,0.0
2016,Serra Leoa,0,0,0.0,104389641,0.0
2016,Singapura,0,0,0.0,104389641,0.0
2016,Suazilandia,0,0,0.0,104389641,0.0
2016,Suecia,291,1214,4.17,104389641,0.00027876329223126654
2016,Suica,4230,33340,7.88,104389641,0.004052126206660678
2016,Suriname,900,1375,1.53,104389641,0.0008621545120554633
2016,Tailandia,0,0,0.0,104389641,0.0
2016,Taiwan,16967,80379,4.74,104389641,0.016253528451161164
2016,Tanzania,0,0,0.0,104389641,0.0
2016,Republica Tcheca,3837,28473,7.42,104389641,0.003675652069729793
2016,Togo,0,0,0.0,104389641,0.0
2016,Trindade e Tobago,0,0,0.0,104389641,0.0
2016,Tunisia,0,0,0.0,104389641,0.0
2016,Turquia,0,0,0.0,104389641,0.0
2016,Tuvalu,0,0,0.0,104389641,0.0
2016,Uruguai,0,0,0.0,104389641,0.0
2016,Vanuatu,0,0,0.0,104389641,0.0
2016,Venezuela,0,0,0.0,104389641,0.0
2016,Vietna,0,0,0.0,104389641,0.0
2017,Afeganistao,0,0,0.0,299553057,0.0
2017,Africa do Sul,0,0,0.0,299553057,0.0
2017,Alemanha,15467,87702,5.67,299553057,0.0051633590906735435
2017,Angola,10170,61680,6.06,299553057,0.003395057991346087
2017,Anguilla,0,0,0.0,299553057,0.0
2017,Antigua e Barbuda,0,0,0.0,299553057,0.0
2017,Antilhas Holandesas,5400,8550,1.58,299553057,0.0018026856591218164
2017,Argentina,0,0,0.0,299553057,0.0
2017,Aruba,0,0,0.0,299553057,0.0
2017,Australia,1350,7500,5.56,299553057,0.0004506714147804541
2017,Austria,0,0,0.0,299553057,0.0
2017,Bahamas,0,0,0.0,299553057,0.0
2017,Bangladesh,0,0,0.0,299553057,0.0
2017,Barbados,0,0,0.0,299553057,0.0
2017,Barein,0,0,0.0,299553057,0.0
2017,Belgica,2790,16405,5.88,299553057,0.0009313875905462717
2017,Belize,0,0,0.0,299553057,0.0
2017,Benin,0,0,0.0,299553057,0.0
2017,Bolivia,9495,23085,2.43,299553057,0.0031697222839558604
2017,Bosnia-Herzegovina,0,0,0.0,299553057,0.0
2017,Brasil,0,0,0.0,299553057,0.0
2017,Bulgaria,117,1579,13.5,299553057,3.905818928097268e-05
2017,Cabo Verde,0,0,0.0,299553057,0.0
2017,Camaroes,1749,7476,4.27,299553057,0.0005838698551488994
2017,Canada,6075,30658,5.05,299553057,0.0020280213665120434
2017,Catar,13338,81606,6.12,299553057,0.004452633578030886
2017,Ilhas Cayman,0,0,0.0,299553057,0.0
2017,Chile,0,0,0.0,299553057,0.0
2017,China,67594,266086,3.94,299553057,0.022564950822718526
2017,Chipre,0,0,0.0,299553057,0.0
2017,Cingapura,0,0,0.0,299553057,0.0
2017,Colombia,0,0,0.0,299553057,0.0
2017,Comores,0,0,0.0,299553057,0.0
2017,Congo,0,0,0.0,299553057,0.0
2017,Coreia do Sul,0,0,0.0,299553057,0.0
2017,Costa do Marfim,0,0,0.0,299553057,0.0
2017,Costa Rica,0,0,0.0,299553057,0.0
2017,Croacia,0,0,0.0,299553057,0.0
2017,Cuba,62791,72229,1.15,299553057,0.020961562078132958
2017,Curacao,12340,23011,1.86,299553057,0.004119470561770966
2017,Dinamarca,581,2829,4.87,299553057,0.00019395562369440281
2017,Dominica,0,0,0.0,299553057,0.0
2017,El Salvador,0,0,0.0,299553057,0.0
2017,Emirados Arabes Unidos,675,3302,4.89,299553057,0.00022533570739022705
2017,Equador,0,0,0.0,299553057,0.0
2017,Eslovaquia,0,0,0.0,299553057,0.0
2017,Espanha,0,0,0.0,299553057,0.0
2017,Estados Unidos,132688,1523699,11.48,299553057,0.04429532495139918
2017,Estonia,0,0,0.0,299553057,0.0
2017,Filipinas,0,0,0.0,299553057,0.0
2017,Finlandia,0,0,0.0,299553057,0.0
2017,Franca,4253,21654,5.09,299553057,0.001419781871897238
2017,Gana,0,0,0.0,299553057,0.0
2017,Gibraltar,0,0,0.0,299553057,0.0
2017,Grecia,0,0,0.0,299553057,0.0
2017,Guatemala,0,0,0.0,299553057,0.0
2017,Guiana,0,0,0.0,299553057,0.0
2017,Guiana Francesa,0,0,0.0,299553057,0.0
2017,Guine-Bissau,48,90,1.88,299553057,1.6023872525527254e-05
2017,Guine Equatorial,2639,30563,11.58,299553057,0.000880979158226384
2017,Haiti,0,0,0.0,299553057,0.0
2017,Honduras,0,0,0.0,299553057,0.0
2017,Hong Kong,1934,8180,4.23,299553057,0.0006456285305077023
2017,Hungria,0,0,0.0,299553057,0.0
2017,Ilha de Man,0,0,0.0,299553057,0.0
2017,Ilhas Virgens,0,0,0.0,299553057,0.0
2017,India,0,0,0.0,299553057,0.0
2017,Indonesia,0,0,0.0,299553057,0.0
2017,Ira,0,0,0.0,299553057,0.0
2017,Iraque,0,0,0.0,299553057,0.0
2017,Irlanda,0,0,0.0,299553057,0.0
2017,Italia,468,2248,4.8,299553057,0.00015623275712389073
2017,Jamaica,0,0,0.0,299553057,0.0
2017,Japao,33909,92886,2.74,299553057,0.011319864447252161
2017,Jordania,0,0,0.0,299553057,0.0
2017,Letonia,387,3723,9.62,299553057,0.00012919247223706348
2017,Libano,0,0,0.0,299553057,0.0
2017,Liberia,0,0,0.0,299553057,0.0
2017,Luxemburgo,2719,21947,8.07,299553057,0.000907685612435596
2017,Malasia,0,0,0.0,299553057,0.0
2017,Malta,0,0,0.0,299553057,0.0
2017,Ilhas Marshall,0,0,0.0,299553057,0.0
2017,Mauritania,0,0,0.0,299553057,0.0
2017,Mexico,664,2292,3.45,299553057,0.00022166356993646037
2017,Montenegro,0,0,0.0,299553057,0.0
2017,Namibia,0,0,0.0,299553057,0.0
2017,Nicaragua,0,0,0.0,299553057,0.0
2017,Nigeria,0,0,0.0,299553057,0.0
2017,Noruega,0,0,0.0,299553057,0.0
2017,Nova Caledonia,0,0,0.0,299553057,0.0
2017,Nova Zelandia,1678,8140,4.85,299553057,0.0005601678770382236
2017,Holanda,0,0,0.0,299553057,0.0
2017,Panama,0,0,0.0,299553057,0.0
2017,Paraguai,2393468,4274650,1.79,299553057,0.7990130442901807
2017,Peru,0,0,0.0,299553057,0.0
2017,Polonia,0,0,0.0,299553057,0.0
2017,Porto Rico,0,0,0.0,299553057,0.0
2017,Portugal,0,0,0.0,299553057,0.0
2017,Quenia,0,0,0.0,299553057,0.0
2017,Reino Unido,60711,242883,4.0,299553057,0.02026719426869344
2017,Republica Dominicana,0,0,0.0,299553057,0.0
2017,Russia,0,0,0.0,299553057,0.0
2017,Sao Tome e Principe,0,0,0.0,299553057,0.0
2017,Sao Vicente e Granadinas,0,0,0.0,299553057,0.0
2017,Senegal,0,0,0.0,299553057,0.0
2017,Serra Leoa,0,0,0.0,299553057,0.0
2017,Singapura,0,0,0.0,299553057,0.0
2017,Suazilandia,0,0,0.0,299553057,0.0
2017,Suecia,15445,64953,4.21,299553057,0.00515601481576601
2017,Suica,6525,74816,11.47,299553057,0.0021782451714388615
2017,Suriname,3690,5638,1.53,299553057,0.0012318352003999077
2017,Tailandia,0,0,0.0,299553057,0.0
2017,Taiwan,14988,43954,2.93,299553057,0.005003454196095885
2017,Tanzania,0,0,0.0,299553057,0.0
2017,Republica Tcheca,2746,16947,6.17,299553057,0.0009166990407312051
2017,Togo,0,0,0.0,299553057,0.0
2017,Trindade e Tobago,0,0,0.0,299553057,0.0
2017,Tunisia,0,0,0.0,299553057,0.0
2017,Turquia,0,0,0.0,299553057,0.0
2017,Tuvalu,0,0,0.0,299553057,0.0
2017,Uruguai,0,0,0.0,299553057,0.0
2017,Vanuatu,0,0,0.0,299553057,0.0
2017,Venezuela,680,2646,3.89,299553057,0.0002270048607783028
2017,Vietna,0,0,0.0,299553057,0.0
2018,Afeganistao,0,0,0.0,257082856,0.0
2018,Africa do Sul,0,0,0.0,257082856,0.0
2018,Alemanha,10794,45382,4.2,257082856,0.004198646369480196
2018,Angola,477,709,1.49,257082856,0.0001855432942599642
2018,Anguilla,0,0,0.0,257082856,0.0
2018,Antigua e Barbuda,37,191,5.16,257082856,1.4392247143854664e-05
2018,Antilhas Holandesas,0,0,0.0,257082856,0.0
2018,Argentina,15711,59150,3.76,257082856,0.006111259321002719
2018,Aruba,0,0,0.0,257082856,0.0
2018,Australia,2055,6902,3.36,257082856,0.0007993531859627387
2018,Austria,0,0,0.0,257082856,0.0
2018,Bahamas,141,634,4.5,257082856,5.484613100766237e-05
2018,Bangladesh,0,0,0.0,257082856,0.0
2018,Barbados,0,0,0.0,257082856,0.0
2018,Barein,0,0,0.0,257082856,0.0
2018,Belgica,7497,52799,7.04,257082856,0.0029161804550669845
2018,Belize,0,0,0.0,257082856,0.0
2018,Benin,0,0,0.0,257082856,0.0
2018,Bolivia,21566,57424,2.66,257082856,0.008388735186604587
2018,Bosnia-Herzegovina,0,0,0.0,257082856,0.0
2018,Brasil,0,0,0.0,257082856,0.0
2018,Bulgaria,0,0,0.0,257082856,0.0
2018,Cabo Verde,18,48,2.67,257082856,7.001633745659026e-06
2018,Camaroes,0,0,0.0,257082856,0.0
2018,Canada,5308,20414,3.85,257082856,0.0020647039956643394
2018,Catar,0,0,0.0,257082856,0.0
2018,Ilhas Cayman,19,203,10.68,257082856,7.390613398195638e-06
2018,Chile,11049,42832,3.88,257082856,0.004297836180877032
2018,China,30835,126336,4.1,257082856,0.011994187585966449
2018,Chipre,279,480,1.72,257082856,0.00010852532305771489
2018,Cingapura,3298,11616,3.52,257082856,0.0012828548940657482
2018,Colombia,6944,26273,3.78,257082856,0.0027010747072142376
2018,Comores,0,0,0.0,257082856,0.0
2018,Congo,0,0,0.0,257082856,0.0
2018,Coreia do Sul,120,109,0.91,257082856,4.667755830439351e-05
2018,Costa do Marfim,0,0,0.0,257082856,0.0
2018,Costa Rica,0,0,0.0,257082856,0.0
2018,Croacia,0,0,0.0,257082856,0.0
2018,Cuba,4776,5584,1.17,257082856,0.0018577668205148614
2018,Curacao,23930,43676,1.83,257082856,0.009308283085201138
2018,Dinamarca,0,0,0.0,257082856,0.0
2018,Dominica,0,0,0.0,257082856,0.0
2018,El Salvador,0,0,0.0,257082856,0.0
2018,Emirados Arabes Unidos,360,1762,4.89,257082856,0.00014003267491318052
2018,Equador,0,0,0.0,257082856,0.0
2018,Eslovaquia,0,0,0.0,257082856,0.0
2018,Espanha,6123,22631,3.7,257082856,0.0023817224124816788
2018,Estados Unidos,169109,512519,3.03,257082856,0.065779960060814
2018,Estonia,0,0,0.0,257082856,0.0
2018,Filipinas,9608,16205,1.69,257082856,0.0037373165015717733
2018,Finlandia,0,0,0.0,257082856,0.0
2018,Franca,11077,48677,4.39,257082856,0.0043087276111480576
2018,Gana,9000,13502,1.5,257082856,0.003500816872829513
2018,Gibraltar,0,0,0.0,257082856,0.0
2018,Grecia,232,730,3.15,257082856,9.024327938849412e-05
2018,Guatemala,0,0,0.0,257082856,0.0
2018,Guiana,0,0,0.0,257082856,0.0
2018,Guiana Francesa,0,0,0.0,257082856,0.0
2018,Guine-Bissau,0,0,0.0,257082856,0.0
2018,Guine Equatorial,8389,26808,3.2,257082856,0.0032631503051296427
2018,Haiti,79500,144425,1.82,257082856,0.0309238823766607
2018,Honduras,0,0,0.0,257082856,0.0
2018,Hong Kong,1742,9029,5.18,257082856,0.0006776025547187791
2018,Hungria,0,0,0.0,257082856,0.0
2018,Ilha de Man,0,0,0.0,257082856,0.0
2018,Ilhas Virgens,0,0,0.0,257082856,0.0
2018,India,0,0,0.0,257082856,0.0
2018,Indonesia,0,0,0.0,257082856,0.0
2018,Ira,0,0,0.0,257082856,0.0
2018,Iraque,0,0,0.0,257082856,0.0
2018,Irlanda,7560,25767,3.41,257082856,0.0029406861731767907
2018,Italia,3661,13260,3.62,257082856,0.0014240545079365387
2018,Jamaica,0,0,0.0,257082856,0.0
2018,Japao,36992,112342,3.04,257082856,0.014389135306634371
2018,Jordania,0,0,0.0,257082856,0.0
2018,Letonia,0,0,0.0,257082856,0.0
2018,Libano,0,0,0.0,257082856,0.0
2018,Liberia,658,3100,4.71,257082856,0.0002559486113690911
2018,Luxemburgo,1778,11053,6.22,257082856,0.0006916058222100972
2018,Malasia,15,33,2.2,257082856,5.8346947880491884e-06
2018,Malta,503,1192,2.37,257082856,0.0001956567652259161
2018,Ilhas Marshall,923,2436,2.64,257082856,0.00035902821929129335
2018,Mauritania,0,0,0.0,257082856,0.0
2018,Mexico,2748,9744,3.55,257082856,0.0010689160851706113
2018,Montenegro,0,0,0.0,257082856,0.0
2018,Namibia,0,0,0.0,257082856,0.0
2018,Nicaragua,0,0,0.0,257082856,0.0
2018,Nigeria,5175,6250,1.21,257082856,0.00201296970187697
2018,Noruega,1295,9847,7.6,257082856,0.0005037286500349132
2018,Nova Caledonia,0,0,0.0,257082856,0.0
2018,Nova Zelandia,969,5565,5.74,257082856,0.00037692128330797756
2018,Holanda,9451,32395,3.43,257082856,0.0036762466961235253
2018,Panama,1183,3117,2.63,257082856,0.00046016292895081267
2018,Paraguai,3234168,5494321,1.7,257082856,1.258025544885031
2018,Peru,5193,19372,3.73,257082856,0.0020199713356226293
2018,Polonia,720,4679,6.5,257082856,0.00028006534982636104
2018,Porto Rico,0,0,0.0,257082856,0.0
2018,Portugal,0,0,0.0,257082856,0.0
2018,Quenia,6771,31225,4.61,257082856,0.0026337812273254037
2018,Reino Unido,67708,296827,4.38,257082856,0.02633703431394896
2018,Republica Dominicana,0,0,0.0,257082856,0.0
2018,Russia,0,0,0.0,257082856,0.0
2018,Sao Tome e Principe,2184,2357,1.08,257082856,0.0008495315611399619
2018,Sao Vicente e Granadinas,0,0,0.0,257082856,0.0
2018,Senegal,0,0,0.0,257082856,0.0
2018,Serra Leoa,0,0,0.0,257082856,0.0
2018,Singapura,0,0,0.0,257082856,0.0
2018,Suazilandia,0,0,0.0,257082856,0.0
2018,Suecia,8062,34563,4.29,257082856,0.0031359539587501703
2018,Suica,0,0,0.0,257082856,0.0
2018,Suriname,0,0,0.0,257082856,0.0
2018,Tailandia,8,45,5.62,257082856,3.1118372202929005e-06
2018,Taiwan,7589,18421,2.43,257082856,0.0029519665831003526
2018,Tanzania,0,0,0.0,257082856,0.0
2018,Republica Tcheca,2712,20980,7.74,257082856,0.0010549128176792933
2018,Togo,0,0,0.0,257082856,0.0
2018,Trindade e Tobago,0,0,0.0,257082856,0.0
2018,Tunisia,0,0,0.0,257082856,0.0
2018,Turquia,360,150,0.42,257082856,0.00014003267491318052
2018,Tuvalu,0,0,0.0,257082856,0.0
2018,Uruguai,7711,29617,3.84,257082856,0.0029994221007098192
2018,Vanuatu,0,0,0.0,257082856,0.0
2018,Venezuela,71,355,5.0,257082856,2.7617555330099488e-05
2018,Vietna,0,0,0.0,257082856,0.0
2019,Afeganistao,0,0,0.0,182245159,0.0
2019,Africa do Sul,26,95,3.65,182245159,1.4266496922423054e-05
2019,Alemanha,3660,25467,6.96,182245159,0.0020082837975410914
2019,Angola,345,1065,3.09,182245159,0.00018930543993215206
2019,Anguilla,0,0,0.0,182245159,0.0
2019,Antigua e Barbuda,219,1549,7.07,182245159,0.00012016780100040956
2019,Antilhas Holandesas,0,0,0.0,182245159,0.0
2019,Argentina,0,0,0.0,182245159,0.0
2019,Aruba,0,0,0.0,182245159,0.0
2019,Australia,1161,4682,4.03,182245159,0.0006370539587281987
2019,Austria,0,0,0.0,182245159,0.0
2019,Bahamas,791,3124,3.95,182245159,0.0004340307332937167
2019,Bangladesh,0,0,0.0,182245159,0.0
2019,Barbados,36,394,10.94,182245159,1.9753611123354997e-05
2019,Barein,482,2144,4.45,182245159,0.0002644789044849197
2019,Belgica,2498,12548,5.02,182245159,0.0013706811273927993
2019,Belize,9,29,3.22,182245159,4.938402780838749e-06
2019,Benin,9,9,1.0,182245159,4.938402780838749e-06
2019,Bolivia,0,0,0.0,182245159,0.0
2019,Bosnia-Herzegovina,0,0,0.0,182245159,0.0
2019,Brasil,0,0,0.0,182245159,0.0
2019,Bulgaria,0,0,0.0,182245159,0.0
2019,Cabo Verde,0,0,0.0,182245159,0.0
2019,Camaroes,0,0,0.0,182245159,0.0
2019,Canada,1589,6933,4.36,182245159,0.0008719024465280857
2019,Catar,0,0,0.0,182245159,0.0
2019,Ilhas Cayman,19,106,5.58,182245159,1.0425516981770692e-05
2019,Chile,0,0,0.0,182245159,0.0
2019,China,129852,376828,2.9,182245159,0.07125127532194146
2019,Chipre,672,1843,2.74,182245159,0.0003687340743026266
2019,Cingapura,5044,19099,3.79,182245159,0.0027677004029500723
2019,Colombia,897,1999,2.23,182245159,0.0004921941438235953
2019,Comores,0,0,0.0,182245159,0.0
2019,Congo,0,0,0.0,182245159,0.0
2019,Coreia do Sul,70,194,2.77,182245159,3.84097994065236e-05
2019,Costa do Marfim,0,0,0.0,182245159,0.0
2019,Costa Rica,0,0,0.0,182245159,0.0
2019,Croacia,0,0,0.0,182245159,0.0
2019,Cuba,0,0,0.0,182245159,0.0
2019,Curacao,33951,62067,1.83,182245159,0.018629301423584044
2019,Dinamarca,240,306,1.27,182245159,0.00013169074082236665
2019,Dominica,0,0,0.0,182245159,0.0
2019,El Salvador,0,0,0.0,182245159,0.0
2019,Emirados Arabes Unidos,450,2202,4.89,182245159,0.00024692013904193744
2019,Equador,2,3,1.5,182245159,1.0974228401863887e-06
2019,Eslovaquia,0,0,0.0,182245159,0.0
2019,Espanha,3540,1353,0.38,182245159,0.001942438427129908
2019,Estados Unidos,209765,616274,2.94,182245159,0.11510045103584891
2019,Estonia,0,0,0.0,182245159,0.0
2019,Filipinas,736,2486,3.38,182245159,0.000403851605188591
2019,Finlandia,0,0,0.0,182245159,0.0
2019,Franca,18286,67072,3.67,182245159,0.010033737027824152
2019,Gana,7673,10010,1.3,182245159,0.004210262726375081
2019,Gibraltar,23,93,4.04,182245159,1.262036266214347e-05
2019,Grecia,561,1994,3.55,182245159,0.00030782710667228206
2019,Guatemala,1597,8719,5.46,182245159,0.0008762921378888315
2019,Guiana,424,1311,3.09,182245159,0.00023265364211951442
2019,Guiana Francesa,0,0,0.0,182245159,0.0
2019,Guine-Bissau,0,0,0.0,182245159,0.0
2019,Guine Equatorial,0,0,0.0,182245159,0.0
2019,Haiti,81873,129803,1.59,182245159,0.0449246500972901
2019,Honduras,0,0,0.0,182245159,0.0
2019,Hong Kong,9651,42020,4.35,182245159,0.005295613915319419
2019,Hungria,0,0,0.0,182245159,0.0
2019,Ilha de Man,28,175,6.25,182245159,1.5363919762609443e-05
2019,Ilhas Virgens,0,0,0.0,182245159,0.0
2019,India,51,273,5.35,182245159,2.798428242475291e-05
2019,Indonesia,0,0,0.0,182245159,0.0
2019,Ira,0,0,0.0,182245159,0.0
2019,Iraque,0,0,0.0,182245159,0.0
2019,Irlanda,0,0,0.0,182245159,0.0
2019,Italia,587,1625,2.77,182245159,0.0003220936035947051
2019,Jamaica,0,0,0.0,182245159,0.0
2019,Japao,40621,99642,2.45,182245159,0.022289206595605647
2019,Jordania,0,0,0.0,182245159,0.0
2019,Letonia,0,0,0.0,182245159,0.0
2019,Libano,0,0,0.0,182245159,0.0
2019,Liberia,4441,20068,4.52,182245159,0.002436827416633876
2019,Luxemburgo,1666,11211,6.73,182245159,0.0009141532258752618
2019,Malasia,48,110,2.29,182245159,2.633814816447333e-05
2019,Malta,3661,8828,2.41,182245159,0.0020088325089611843
2019,Ilhas Marshall,7276,15786,2.17,182245159,0.0039924242925980825
2019,Mauritania,0,0,0.0,182245159,0.0
2019,Mexico,4,4,1.0,182245159,2.1948456803727773e-06
2019,Montenegro,9,46,5.11,182245159,4.938402780838749e-06
2019,Namibia,0,0,0.0,182245159,0.0
2019,Nicaragua,0,0,0.0,182245159,0.0
2019,Nigeria,28437,38555,1.36,182245159,0.015603706653190169
2019,Noruega,628,3139,5.0,182245159,0.00034459077181852606
2019,Nova Caledonia,0,0,0.0,182245159,0.0
2019,Nova Zelandia,500,2832,5.66,182245159,0.00027435571004659715
2019,Holanda,44882,148031,3.3,182245159,0.02462726595662275
2019,Panama,7918,29017,3.66,182245159,0.004344697024297913
2019,Paraguai,2419537,3826587,1.58,182245159,1.327627583238027
2019,Peru,9755,17310,1.77,182245159,0.005352679903009111
2019,Polonia,5,11,2.2,182245159,2.7435571004659716e-06
2019,Porto Rico,0,0,0.0,182245159,0.0
2019,Portugal,18328,72413,3.95,182245159,0.010056782907468066
2019,Quenia,0,0,0.0,182245159,0.0
2019,Reino Unido,34295,164592,4.8,182245159,0.0188180581520961
2019,Republica Dominicana,0,0,0.0,182245159,0.0
2019,Russia,0,0,0.0,182245159,0.0
2019,Sao Tome e Principe,0,0,0.0,182245159,0.0
2019,Sao Vicente e Granadinas,0,0,0.0,182245159,0.0
2019,Senegal,0,0,0.0,182245159,0.0
2019,Serra Leoa,18,717,39.83,182245159,9.876805561677499e-06
2019,Singapura,0,0,0.0,182245159,0.0
2019,Suazilandia,0,0,0.0,182245159,0.0
2019,Suecia,28,761,27.18,182245159,1.5363919762609443e-05
2019,Suica,2223,28503,12.82,182245159,0.001219785486867171
2019,Suriname,3206,4741,1.48,182245159,0.0017591688128187812
2019,Tailandia,128,832,6.5,182245159,7.023506177192887e-05
2019,Taiwan,12,67,5.58,182245159,6.5845370411183324e-06
2019,Tanzania,0,0,0.0,182245159,0.0
2019,Republica Tcheca,2115,16391,7.75,182245159,0.001160524653497106
2019,Togo,0,0,0.0,182245159,0.0
2019,Trindade e Tobago,0,0,0.0,182245159,0.0
2019,Tunisia,0,0,0.0,182245159,0.0
2019,Turquia,115,209,1.82,182245159,6.310181331071735e-05
2019,Tuvalu,0,0,0.0,182245159,0.0
2019,Uruguai,6180,18497,2.99,182245159,0.003391036576175941
2019,Vanuatu,0,0,0.0,182245159,0.0
2019,Venezuela,0,0,0.0,182245159,0.0
2019,Vietna,20,32,1.6,182245159,1.0974228401863886e-05
2020,Afeganistao,0,0,0.0,156717100,0.0
2020,Africa do Sul,4,21,5.25,156717100,2.5523698434950623e-06
2020,Alemanha,6261,32605,5.21,156717100,0.003995096897530646
2020,Angola,0,0,0.0,156717100,0.0
2020,Anguilla,0,0,0.0,156717100,0.0
2020,Antigua e Barbuda,624,1864,2.99,156717100,0.0003981696955852297
2020,Antilhas Holandesas,0,0,0.0,156717100,0.0
2020,Argentina,1015,4176,4.11,156717100,0.000647663847786872
2020,Aruba,0,0,0.0,156717100,0.0
2020,Australia,1013,3413,3.37,156717100,0.0006463876628651246
2020,Austria,0,0,0.0,156717100,0.0
2020,Bahamas,1212,3703,3.06,156717100,0.0007733680625790038
2020,Bangladesh,3,29,9.67,156717100,1.9142773826212965e-06
2020,Barbados,143,169,1.18,156717100,9.124722190494847e-05
2020,Barein,8,28,3.5,156717100,5.1047396869901245e-06
2020,Belgica,3166,20460,6.46,156717100,0.0020202007311263415
2020,Belize,0,0,0.0,156717100,0.0
2020,Benin,0,0,0.0,156717100,0.0
2020,Bolivia,9900,16025,1.62,156717100,0.0063171153626502795
2020,Bosnia-Herzegovina,45,52,1.16,156717100,2.8714160739319448e-05
2020,Brasil,0,0,0.0,156717100,0.0
2020,Bulgaria,0,0,0.0,156717100,0.0
2020,Cabo Verde,0,0,0.0,156717100,0.0
2020,Camaroes,0,178,0.0,156717100,0.0
2020,Canada,1672,8431,5.04,156717100,0.001066890594580936
2020,Catar,0,0,0.0,156717100,0.0
2020,Ilhas Cayman,123,339,2.76,156717100,7.848537268747316e-05
2020,Chile,11,13,1.18,156717100,7.019017069611421e-06
2020,China,122253,363000,2.97,156717100,0.07800871761920046
2020,Chipre,2478,6785,2.74,156717100,0.001581193118045191
2020,Cingapura,4049,9316,2.3,156717100,0.0025836363740778766
2020,Colombia,15660,23780,1.52,156717100,0.009992527937283169
2020,Comores,9,25,2.78,156717100,5.74283214786389e-06
2020,Congo,0,0,0.0,156717100,0.0
2020,Coreia do Sul,103,433,4.2,156717100,6.572352346999785e-05
2020,Costa do Marfim,0,0,0.0,156717100,0.0
2020,Costa Rica,0,0,0.0,156717100,0.0
2020,Croacia,21,123,5.86,156717100,1.3399941678349076e-05
2020,Cuba,0,0,0.0,156717100,0.0
2020,Curacao,47962,65986,1.38,156717100,0.030604190608427544
2020,Dinamarca,659,1962,2.98,156717100,0.0004205029317158115
2020,Dominica,0,0,0.0,156717100,0.0
2020,El Salvador,0,0,0.0,156717100,0.0
2020,Emirados Arabes Unidos,581,2279,3.92,156717100,0.00037073171976765776
2020,Equador,3780,3824,1.01,156717100,0.002411989502102834
2020,Eslovaquia,0,0,0.0,156717100,0.0
2020,Espanha,28,126,4.5,156717100,1.7866588904465433e-05
2020,Estados Unidos,300178,610793,2.03,156717100,0.1915413187201652
2020,Estonia,0,0,0.0,156717100,0.0
2020,Filipinas,719,1548,2.15,156717100,0.0004587884793682374
2020,Finlandia,0,0,0.0,156717100,0.0
2020,Franca,12622,57144,4.53,156717100,0.008054003041148668
2020,Gana,18810,22027,1.17,156717100,0.01200251918903553
2020,Gibraltar,769,2860,3.72,156717100,0.0004906931024119257
2020,Grecia,6859,18092,2.64,156717100,0.004376676189133158
2020,Guatemala,0,0,0.0,156717100,0.0
2020,Guiana,990,2577,2.6,156717100,0.0006317115362650279
2020,Guiana Francesa,0,0,0.0,156717100,0.0
2020,Guine-Bissau,0,0,0.0,156717100,0.0
2020,Guine Equatorial,0,0,0.0,156717100,0.0
2020,Haiti,399128,471152,1.18,156717100,0.2546805677236243
2020,Honduras,0,0,0.0,156717100,0.0
2020,Hong Kong,15159,41987,2.77,156717100,0.009672843614385411
2020,Hungria,0,0,0.0,156717100,0.0
2020,Ilha de Man,11,121,11.0,156717100,7.019017069611421e-06
2020,Ilhas Virgens,0,0,0.0,156717100,0.0
2020,India,7,10,1.43,156717100,4.466647226116358e-06
2020,Indonesia,5,6,1.2,156717100,3.1904623043688276e-06
2020,Ira,21,35,1.67,156717100,1.3399941678349076e-05
2020,Iraque,0,0,0.0,156717100,0.0
2020,Irlanda,29,257,8.86,156717100,1.8504681365339202e-05
2020,Italia,91,376,4.13,156717100,5.806641393951266e-05
2020,Jamaica,0,0,0.0,156717100,0.0
2020,Japao,36442,92674,2.54,156717100,0.023253365459161762
2020,Jordania,12,52,4.33,156717100,7.657109530485186e-06
2020,Letonia,0,0,0.0,156717100,0.0
2020,Libano,0,0,0.0,156717100,0.0
2020,Liberia,5155,17624,3.42,156717100,0.0032893666358042614
2020,Luxemburgo,1086,5110,4.71,156717100,0.0006929684125089094
2020,Malasia,0,0,0.0,156717100,0.0
2020,Malta,3490,9688,2.78,156717100,0.002226942688449442
2020,Ilhas Marshall,6270,19639,3.13,156717100,0.004000839729678509
2020,Mauritania,0,0,0.0,156717100,0.0
2020,Mexico,24,226,9.42,156717100,1.5314219060970372e-05
2020,Montenegro,9,20,2.22,156717100,5.74283214786389e-06
2020,Namibia,0,0,0.0,156717100,0.0
2020,Nicaragua,0,0,0.0,156717100,0.0
2020,Nigeria,12094,26514,2.19,156717100,0.007717090221807321
2020,Noruega,1859,15134,8.14,156717100,0.0011862138847643301
2020,Nova Caledonia,0,0,0.0,156717100,0.0
2020,Nova Zelandia,95,515,5.42,156717100,6.061878378300773e-05
2020,Holanda,248,1532,6.18,156717100,0.00015824693029669384
2020,Panama,10821,28372,2.62,156717100,0.006904798519115017
2020,Paraguai,3299013,3869243,1.17,156717100,2.105075323624544
2020,Peru,0,0,0.0,156717100,0.0
2020,Polonia,74,86,1.16,156717100,4.721884210465865e-05
2020,Porto Rico,0,0,0.0,156717100,0.0
2020,Portugal,7958,34518,4.34,156717100,0.005077939803633426
2020,Quenia,0,0,0.0,156717100,0.0
2020,Reino Unido,22913,82722,3.61,156717100,0.014620612556000591
2020,Republica Dominicana,0,0,0.0,156717100,0.0
2020,Russia,1463,8550,5.84,156717100,0.0009335292702583189
2020,Sao Tome e Principe,0,0,0.0,156717100,0.0
2020,Sao Vicente e Granadinas,0,0,0.0,156717100,0.0
2020,Senegal,0,0,0.0,156717100,0.0
2020,Serra Leoa,9240,13050,1.41,156717100,0.005895974338473593
2020,Singapura,0,0,0.0,156717100,0.0
2020,Suazilandia,0,0,0.0,156717100,0.0
2020,Suecia,6,24,4.0,156717100,3.828554765242593e-06
2020,Suica,2827,27930,9.88,156717100,0.0018038873868901353
2020,Suriname,4185,5277,1.26,156717100,0.0026704169487567087
2020,Tailandia,534,1753,3.28,156717100,0.0003407413741065908
2020,Taiwan,963,4673,4.85,156717100,0.0006144830398214363
2020,Tanzania,0,0,0.0,156717100,0.0
2020,Republica Tcheca,563,4805,8.53,156717100,0.00035924605547193
2020,Togo,0,0,0.0,156717100,0.0
2020,Trindade e Tobago,0,0,0.0,156717100,0.0
2020,Tunisia,0,0,0.0,156717100,0.0
2020,Turquia,0,0,0.0,156717100,0.0
2020,Tuvalu,2,4,2.0,156717100,1.2761849217475311e-06
2020,Uruguai,0,0,0.0,156717100,0.0
2020,Vanuatu,18,31,1.72,156717100,1.148566429572778e-05
2020,Venezuela,4086,9808,2.4,156717100,0.002607245795130206
2020,Vietna,86,584,6.79,156717100,5.4875951635143834e-05
2021,Afeganistao,11,46,4.18,217374993,5.060379691421083e-06
2021,Africa do Sul,0,0,0.0,217374993,0.0
2021,Alemanha,2698,6741,2.5,217374993,0.001241173127950371
2021,Angola,0,0,0.0,217374993,0.0
2021,Anguilla,0,0,0.0,217374993,0.0
2021,Antigua e Barbuda,805,2268,2.82,217374993,0.00037032778650854286
2021,Antilhas Holandesas,0,0,0.0,217374993,0.0
2021,Argentina,6,13,2.17,217374993,2.7602071044114994e-06
2021,Aruba,0,0,0.0,217374993,0.0
2021,Australia,705,4034,5.72,217374993,0.0003243243347683512
2021,Austria,0,0,0.0,217374993,0.0
2021,Bahamas,1083,4567,4.22,217374993,0.0004982173823462756
2021,Bangladesh,2,20,10.0,217374993,9.200690348038332e-07
2021,Barbados,216,844,3.91,217374993,9.936745575881399e-05
2021,Barein,302,894,2.96,217374993,0.00013893042425537882
2021,Belgica,483,3749,7.76,217374993,0.00022219667190512572
2021,Belize,0,0,0.0,217374993,0.0
2021,Benin,0,0,0.0,217374993,0.0
2021,Bolivia,5850,8360,1.43,217374993,0.002691201926801212
2021,Bosnia-Herzegovina,0,0,0.0,217374993,0.0
2021,Brasil,31,46,1.48,217374993,1.4261070039459414e-05
2021,Bulgaria,0,0,0.0,217374993,0.0
2021,Cabo Verde,16,124,7.75,217374993,7.360552278430666e-06
2021,Camaroes,0,0,0.0,217374993,0.0
2021,Canada,1172,6157,5.25,217374993,0.0005391604543950462
2021,Catar,1,2,2.0,217374993,4.600345174019166e-07
2021,Ilhas Cayman,104,356,3.42,217374993,4.784358980979933e-05
2021,Chile,26,6,0.23,217374993,1.1960897452449833e-05
2021,China,61884,264116,4.27,217374993,0.02846877607490021
2021,Chipre,1855,4530,2.44,217374993,0.0008533640297805553
2021,Cingapura,0,0,0.0,217374993,0.0
2021,Colombia,12160,21867,1.8,217374993,0.0055940197316073055
2021,Comores,0,0,0.0,217374993,0.0
2021,Congo,0,0,0.0,217374993,0.0
2021,Coreia do Sul,67,100,1.49,217374993,3.082231266592841e-05
2021,Costa do Marfim,0,0,0.0,217374993,0.0
2021,Costa Rica,0,0,0.0,217374993,0.0
2021,Croacia,0,0,0.0,217374993,0.0
2021,Cuba,0,0,0.0,217374993,0.0
2021,Curacao,32263,58993,1.83,217374993,0.014842093634938035
2021,Dinamarca,87,504,5.79,217374993,4.002300301396675e-05
2021,Dominica,460,634,1.38,217374993,0.00021161587800488165
2021,El Salvador,0,0,0.0,217374993,0.0
2021,Emirados Arabes Unidos,810,10522,12.99,217374993,0.00037262795909555243
2021,Equador,0,0,0.0,217374993,0.0
2021,Eslovaquia,0,0,0.0,217374993,0.0
2021,Espanha,0,0,0.0,217374993,0.0
2021,Estados Unidos,111085,203554,1.83,217374993,0.0511029343655919
2021,Estonia,0,0,0.0,217374993,0.0
2021,Filipinas,2784,10368,3.72,217374993,0.001280736096446936
2021,Finlandia,0,0,0.0,217374993,0.0
2021,Franca,7052,23742,3.37,217374993,0.003244163416718316
2021,Gana,12578,19196,1.53,217374993,0.005786314159881307
2021,Gibraltar,0,0,0.0,217374993,0.0
2021,Grecia,908,3014,3.32,217374993,0.0004177113418009402
2021,Guatemala,17347,29100,1.68,217374993,0.007980218773371047
2021,Guiana,2372,6525,2.75,217374993,0.0010912018752773462
2021,Guiana Francesa,90,32,0.36,217374993,4.1403106566172495e-05
2021,Guine-Bissau,0,0,0.0,217374993,0.0
2021,Guine Equatorial,0,0,0.0,217374993,0.0
2021,Haiti,670379,831181,1.24,217374993,0.30839747974137943
2021,Honduras,0,0,0.0,217374993,0.0
2021,Hong Kong,12507,39390,3.15,217374993,0.005753651709145771
2021,Hungria,87,583,6.7,217374993,4.002300301396675e-05
2021,Ilha de Man,97,445,4.59,217374993,4.4623348187985906e-05
2021,Ilhas Virgens,0,0,0.0,217374993,0.0
2021,India,13,86,6.62,217374993,5.980448726224916e-06
2021,Indonesia,0,0,0.0,217374993,0.0
2021,Ira,116,287,2.47,217374993,5.336400401862233e-05
2021,Iraque,0,0,0.0,217374993,0.0
2021,Irlanda,36,208,5.78,217374993,1.6561242626468998e-05
2021,Italia,696,3715,5.34,217374993,0.000320184024111734
2021,Jamaica,0,0,0.0,217374993,0.0
2021,Japao,39491,90275,2.29,217374993,0.01816722312671909
2021,Jordania,0,0,0.0,217374993,0.0
2021,Letonia,0,0,0.0,217374993,0.0
2021,Libano,0,0,0.0,217374993,0.0
2021,Liberia,7554,23060,3.05,217374993,0.003475100744454078
2021,Luxemburgo,0,0,0.0,217374993,0.0
2021,Malasia,0,0,0.0,217374993,0.0
2021,Malta,3441,15454,4.49,217374993,0.0015829787743799949
2021,Ilhas Marshall,8644,22561,2.61,217374993,0.003976538368422167
2021,Mauritania,9,85,9.44,217374993,4.1403106566172495e-06
2021,Mexico,9,2,0.22,217374993,4.1403106566172495e-06
2021,Montenegro,14,65,4.64,217374993,6.440483243626833e-06
2021,Namibia,0,0,0.0,217374993,0.0
2021,Nicaragua,0,0,0.0,217374993,0.0
2021,Nigeria,68247,113172,1.66,217374993,0.0313959757091286
2021,Noruega,1878,8320,4.43,217374993,0.0008639448236807993
2021,Nova Caledonia,7227,11924,1.65,217374993,0.0033246694572636516
2021,Nova Zelandia,657,10477,15.95,217374993,0.00030224267793305923
2021,Holanda,3791,8484,2.24,217374993,0.0017439908554706658
2021,Panama,29520,48444,1.64,217374993,0.013580218953704579
2021,Paraguai,6522527,7192362,1.1,217374993,3.000587560685971
2021,Peru,9720,17107,1.76,217374993,0.00447153550914663
2021,Polonia,4,14,3.5,217374993,1.8401380696076664e-06
2021,Porto Rico,0,0,0.0,217374993,0.0
2021,Portugal,6358,42633,6.71,217374993,0.002924899461641386
2021,Quenia,0,0,0.0,217374993,0.0
2021,Reino Unido,25316,122394,4.83,217374993,0.01164623384254692
2021,Republica Dominicana,0,0,0.0,217374993,0.0
2021,Russia,181931,312926,1.72,217374993,0.0836945397854481
2021,Sao Tome e Principe,0,0,0.0,217374993,0.0
2021,Sao Vicente e Granadinas,8,48,6.0,217374993,3.680276139215333e-06
2021,Senegal,0,0,0.0,217374993,0.0
2021,Serra Leoa,6525,12955,1.99,217374993,0.003001725226047506
2021,Singapura,4504,14346,3.19,217374993,0.0020719954663782326
2021,Suazilandia,10,24,2.4,217374993,4.600345174019166e-06
2021,Suecia,23,74,3.22,217374993,1.0580793900244082e-05
2021,Suica,627,6999,11.16,217374993,0.0002884416424110017
2021,Suriname,900,1472,1.64,217374993,0.00041403106566172495
2021,Tailandia,1334,2529,1.9,217374993,0.0006136860462141567
2021,Taiwan,1313,8153,6.21,217374993,0.0006040253213487165
2021,Tanzania,0,0,0.0,217374993,0.0
2021,Republica Tcheca,456,5988,13.13,217374993,0.00020977573993527398
2021,Togo,1890,2012,1.06,217374993,0.0008694652378896223
2021,Trindade e Tobago,0,0,0.0,217374993,0.0
2021,Tunisia,0,0,0.0,217374993,0.0
2021,Turquia,343,878,2.56,217374993,0.0001577918394688574
2021,Tuvalu,0,0,0.0,217374993,0.0
2021,Uruguai,136774,149842,1.1,217374993,0.06292076108312974
2021,Vanuatu,0,0,0.0,217374993,0.0
2021,Venezuela,26415,35944,1.36,217374993,0.012151811777171628
2021,Vietna,0,0,0.0,217374993,0.0
